author_id,author,submissions,comment_karma,link_karma,timestamp
3lmqq3v3,niszi,16,1630,2442,15/04/2019 05:02
z73cn,fallen-fawn,40,566,3530,03/07/2016 07:29
y5ast,Whiteelchapo,100,6790,3995,23/05/2016 22:21
1qu2ijfd,Jadenent0623,7,3575,4601,03/12/2018 21:53
1528oy,mynormalheart,57,3377,5812,04/02/2017 14:11
kpvyxd8,SociallyAdeptt,100,400,23997,13/11/2017 08:41
109znqut,butteredgrapes,100,16967,27417,07/03/2018 10:40
bvwuh,coolmast3r,46,1377,3235,01/06/2013 16:31
gx2rh,Tastylicious,100,12555,13361,10/06/2014 10:19
pqjyd04,LilBluSmurf,8,303,2367,27/12/2017 09:01
gn17pwn,SoulfulYam,100,9215,20819,09/10/2017 02:59
11orru,NordyNed,100,256582,345484,27/09/2016 06:20
nsbbl,Conurekid,47,5292,2045,30/05/2015 00:03
2r4vr6e7,Hellblade999,38,4108,7069,10/12/2018 05:50
2ldrj98,luxcsia,40,1125,2985,24/03/2019 08:47
7qowrd,drunkbetta,32,1616,14853,02/01/2018 03:17
3r50vh0p,Nyx13Love,8,86,2324,11/05/2019 23:20
23mvbbgf,no-money,21,1057,3138,31/08/2018 05:52
1oax8o8z,dinosaur_nads,94,1598,4802,30/06/2018 12:34
wxauitr,MaceLJackson,2,2216,1671,14/02/2018 07:55
32np3jka,EffYouAnxiety,4,494,2602,25/01/2019 00:55
xq71k,10yes4life,16,3806,3239,06/05/2016 11:59
ybml6,theswordofdoubt,33,5455,2287,31/05/2016 00:14
2698llcj,lucidmashedpotato,50,336,6815,09/09/2018 22:16
fnjwoho,youngrussianboy,100,2881,9002,01/10/2017 06:38
1qe0dna6,mothercocconuts,11,948,2173,09/07/2018 07:17
dpxq3vd,berserkJoeReddit,100,17185,116775,14/09/2017 03:45
2mrmx0d3,Wolfy50,36,654,1864,20/11/2018 10:13
465ubv7m,Imnotgoodatthispls,2,516,1787,17/07/2019 07:54
39na3cqp,juststupid8970,100,652,4263,21/02/2019 13:07
5bjl3,SHOWTIME316,100,241998,40208,02/06/2011 16:02
dneha,luckjes112,100,138948,46981,26/10/2013 02:37
252x02w8,thrueing,24,117,1832,05/09/2018 11:52
206yt4lm,OOLLMM,95,400,2567,17/08/2018 23:44
kpd9vjd,vincitopusme,100,2024,3762,13/11/2017 05:40
nbzp7,highwayrider,21,3339,1778,07/05/2015 11:55
gjx0j,FreezeWolfy,100,6294,47915,14/05/2014 04:42
zo73woe,imofftheheazy,63,3276,3702,02/05/2018 04:13
4f6qpmz4,user124i53,9,56,2525,22/08/2019 06:20
37pps7un,tsukuwa,10,242,1880,13/02/2019 13:16
zxkm9,themadwaffleR,100,38161,15201,30/07/2016 00:39
a3xsj,heyheyitsandre,100,62506,16880,05/01/2013 14:45
214meu31,incurableneurotic,95,3305,5141,21/08/2018 21:49
sxayj,okdenok,100,16267,21964,14/12/2015 03:11
2z7c3nuw,spacey2413,37,732,3374,12/01/2019 13:16
ljomj,Meh75,24,15958,10025,24/02/2015 04:03
yrhnf,terencepen1,30,989,1918,16/06/2016 07:07
2a7r7a6b,what_the_f123,5,66,1186,25/09/2018 12:32
x1pnk,sevastra000,9,132,1566,10/04/2016 19:41
359tqx28,SnOwYO1,18,9597,2082,04/02/2019 05:42
olj4b,spotlightit,12,13,1228,07/07/2015 20:51
ntond,Unika0,20,2475,2219,01/06/2015 03:30
8o400hx,jDaw1,95,3802,13245,21/11/2018 07:05
300i7ern,#NAMN?,21,1108,2824,15/01/2019 13:22
15tckt,ryan3411,41,535,1874,01/03/2017 08:59
12s4pe,LilGidGid,35,1434,12698,13/11/2016 16:29
yx9w7,litgrl29,2,6,1382,22/06/2016 09:59
1ephequh,impkidz,31,2190,8808,20/05/2018 22:10
yp2ke,xeventeen,5,4,1586,13/06/2016 22:53
j0sb6,harlet,40,12713,6071,24/10/2014 11:29
3uvwe0pc,throwaway52919,1,250,1578,30/05/2019 10:27
40yuhdya,randomthrowawayfml,3,47,2082,27/06/2019 22:07
4cs2bely,ThrowAway_10914,2,438,1492,12/08/2019 23:54
3lplxlry,finding_direction,2,0,1479,15/04/2019 13:56
1346l3,peptodismal-,41,28385,6121,27/11/2016 12:55
1hhszwf9,i_know_cole,100,3543,11753,01/06/2018 11:27
24brjynd,FiendForCaffeine,4,100,1444,02/09/2018 19:12
lpkba,SummerFloyd,47,17026,7304,28/02/2015 06:35
lr9gq5b,Toppingsaucer7,44,9531,16442,30/11/2017 16:16
y4yb908,awalk111,8,998,1465,08/03/2018 06:34
r8xyh,stnivek,46,20909,5991,17/10/2015 19:02
4kctycc4,Dewfiftythree,3,4,1395,11/09/2019 19:08
hyp3646,mastaflasta,13,358,1372,20/10/2017 10:47
2jpl9hma,witchofthewoods89,100,14646,60090,06/11/2018 09:45
3t5em6vo,reddituser9110606,2,25,1424,21/05/2019 14:54
2rsmzocm,aaliyahno,11,46,1357,13/12/2018 01:22
