author_id,author,submissions,comment_karma,link_karma,created,timestamp
3zahvor3,Throw6524285,1,0,828,1561077376.0,2019-06-21 08:36:16
2zpif9u2,hddineejbe,26,141,716,1547433569.0,2019-01-14 10:39:29
15fss0,im-not-worth-it,54,3691,6870,1487199333.0,2017-02-16 06:55:33
rdono8g,Alexut-,52,11847,8138,1515529762.0,2018-01-10 04:29:22
1t70,SQLwitch,100,31092,2505,1127102400.0,2005-09-19 12:00:00
3nra8exd,Sue-uh-side-all,100,1167,2774,1556173395.0,2019-04-25 14:23:15
3k2c2zrm,zmrly,20,2617,12766,1554629502.0,2019-04-07 17:31:42
16kbgk,alexanderdamhethicc,13,1396,1994,1490707550.0,2017-03-28 21:25:50
2ilsggu8,penwryte,10,4,806,1541022099.0,2018-11-01 05:41:39
tib5k,ghostiic,53,168,1836,1452013472.0,2016-01-06 01:04:32
ls75qsa,starlightetude,11,381,2517,1511376380.0,2017-11-23 02:46:20
jn0ae,Prof_Gutnacht,100,21183,21082,1417101978.0,2014-11-27 23:26:18
3wavathx,_sadboi_halp_,3,81,584,1559790957.0,2019-06-06 11:15:57
47milz9x,lucijasworld,23,20811,17150,1563816879.0,2019-07-23 01:34:39
nghshq2,jraelee,11,735,4703,1512674126.0,2017-12-08 03:15:26
2xxntvzu,huntychuu,100,264,2195,1546851694.0,2019-01-07 17:01:34
3bt40uew,dy1ngal0n3isfine,100,141,2765,1551495378.0,2019-03-02 10:56:18
14uh33,theserottendays,7,513,14870,1485581147.0,2017-01-28 13:25:47
3v1oosyy,X_Ix3,6,2003,1625,1559249932.0,2019-05-31 04:58:52
sg4qt00,moIIsxo,4,64,436,1516221574.0,2018-01-18 04:39:34
ui6rl,DreamFuck,100,7114,84567,1454807500.0,2016-02-07 09:11:40
45ys4cs4,1stDegreeBoo-Urns,100,45646,57780,1563254802.0,2019-07-16 13:26:42
3j82c5fo,truleota,19,102,1112,1554299232.0,2019-04-03 21:47:12
20huv6cv,alicefb,6,73,1171,1534631833.0,2018-08-19 06:37:13
15le6i,Diggy84,47,3205,4741,1487637385.0,2017-02-21 08:36:25
3ce70mgz,drugdealingaccount,2,235,1519,1551712381.0,2019-03-04 23:13:01
1u7qicsh,Vuraxis,75,21831,3595,1532371166.0,2018-07-24 02:39:26
rdor3gd,NollinVoid,11,25,704,1515529802.0,2018-01-10 04:30:02
4na7xt8e,Dyslexic_Wvyern,1,199,614,1569202364.0,2019-09-23 09:32:44
2uf54mjq,Flawless_Cub,19,835,855,1552975507.0,2019-03-19 14:05:07
49sheo3j,oimaddie,4,19,635,1564555863.0,2019-07-31 14:51:03
1ritlfux,lanahbanana,77,82,2287,1532080181.0,2018-07-20 17:49:41
474sq6bx,xcrossq,2,99,609,1563648952.0,2019-07-21 02:55:52
3hdghkqn,aixlaelina,1,0,505,1553563271.0,2019-03-26 09:21:11
1f5lfbn9,californiacandy,65,13627,6798,1526984408.0,2018-05-22 18:20:08
41u78p67,alienvampire444,78,38,3200,1561917521.0,2019-07-01 01:58:41
eb3fncz,DaBMz,1,184,543,1518050726.0,2018-02-08 08:45:26
2ivawh17,homeless_knight,8,13747,5273,1541126558.0,2018-11-02 10:42:38
jdh0u,restlesssheep,100,65580,14599,1416074411.0,2014-11-16 02:00:11
3jrcxi9w,aaronbelesbian,13,1611,2907,1554504662.0,2019-04-06 06:51:02
4nh7za5y,nooson202,1,2,629,1569932219.0,2019-10-01 20:16:59
121aza,sammy1996x,19,71,500,1476161583.0,2016-10-11 12:53:03
z47fg8q,vr16,2,78,322,1519790500.0,2018-02-28 12:01:40
30vcoqjk,ImAPerson_Hi,14,323,553,1547810644.0,2019-01-18 19:24:04
wvrqr,mvp0909,100,4734,1872,1459806957.0,2016-04-05 05:55:57
3wi9k8ow,WrongResult,2,39,624,1559872228.0,2019-06-07 09:50:28
4eji107y,ThebodyofTyler,2,9,603,1566983308.0,2019-08-28 17:08:28
3omvhqgz,elacatz,20,5063,2349,1556536967.0,2019-04-29 19:22:47
q5whm,mpgd8,3,13165,630,1441442099.0,2015-09-05 16:34:59
kwtj9,Frederix_,100,32382,3828,1422071184.0,2015-01-24 11:46:24
tzk5p63,holyuke,7,13,802,1517066476.0,2018-01-27 23:21:16
ajeutqm,pencilwithnoeraser,99,3515,1417,1526243398.0,2018-05-14 04:29:58
lq18c,velzerat,100,4493,16644,1425143896.0,2015-03-01 01:18:16
3fhlni5d,elusive1988,14,80,972,1552869595.0,2019-03-18 08:39:55
3x3o7amd,Marterpy,7,42,582,1560129798.0,2019-06-10 09:23:18
3larjw5y,swtalmao,1,0,468,1555130713.0,2019-04-13 12:45:13
3sbcbcul,wanna-be-unbirthed,17,50,544,1558063678.0,2019-05-17 11:27:58
i0hgj,Bit3stuff,11,1176,959,1408797900.0,2014-08-23 20:45:00
is16n,lanston4500,81,3191,12025,1412868576.0,2014-10-09 23:29:36
1aqmex3u,Paige_4o4,8,4528,932,1525323533.0,2018-05-03 12:58:53
3mw5lzow,Avocadosis,13,157,557,1555813651.0,2019-04-21 10:27:31
21q2o21j,Avocqd0,54,911,1211,1557080037.0,2019-05-06 02:13:57
3el60h0g,throwaway9572618,1,0,336,1552522696.0,2019-03-14 08:18:16
3ls7kdxl,depressed_send_nudes,2,523,585,1555340765.0,2019-04-15 23:06:05
gkb62n8,emteemirror,7,35,514,1507439881.0,2017-10-08 13:18:01
4hahd2qg,immotokay,2,0,541,1567916614.0,2019-09-08 12:23:34
q897m,flowerynight,87,13495,1440,1441592111.0,2015-09-07 10:15:11
3svkyrdg,maladaptive-MOSalt,1,0,510,1568693267.0,2019-09-17 12:07:47
40pzmob4,goodbyeveryone363636,4,177,499,1561564162.0,2019-06-26 23:49:22
3kuscuvj,urbanmicah,100,11402,7781,1554939821.0,2019-04-11 07:43:41
33brvgoy,lajap,75,200,817,1548574049.0,2019-01-27 15:27:29
2pidiiln,hiimhaanh,11,113,1420,1543751949.0,2018-12-02 19:59:09
122dss,bdizzz,70,3952,7283,1476277953.0,2016-10-12 21:12:33
3iupsxe3,livw17,47,174,7710,1554153346.0,2019-04-02 05:15:46
120jovx9,cyneadrift5,32,334,642,1521307810.0,2018-03-18 01:30:10
2hc6c9wy,Human214563246,2,56,229,1540537244.0,2018-10-26 15:00:44
efaiege,ScreamingSkipBayless,100,97062,10749,1505885118.0,2017-09-20 13:25:18
7ekx8,DrakeDarkholme,20,1177,1376,1333997032.0,2012-04-10 02:43:52
4o7yipkl,Wangleson,2,4,1240,1569522325.0,2019-09-27 02:25:25
101h2jzc,Nothing_2_Live_4,4,361,479,1520268915.0,2018-03-06 00:55:15
3gdbrry2,M1st4ken,11,143,1033,1553197730.0,2019-03-22 03:48:50
