author_id,author,submissions,comment_karma,link_karma,created,timestamp
32219w1n,Scent_beads3000,2,19,3746,1548173157.0,2019-01-23 00:05:57
bnq6d58,skeletoorr,15,25599,6123,1503635653.0,2017-08-25 12:34:13
h9jzr,Sndfrddy,25,146,3885,1404586524.0,2014-07-06 02:55:24
40n9yd2g,Tango589,36,6849,3573,1561537918.0,2019-06-26 16:31:58
3l1kfqwu,plantedcactus,3,531,3506,1555022569.0,2019-04-12 06:42:49
1jlnd1be,ChristineDamaris,49,1284,42691,1528628258.0,2018-06-10 18:57:38
3g5oc5kt,Fazzi_bear,63,32,3771,1553121535.0,2019-03-21 06:38:55
12vjmy4b,blue_jaybird,4,2662,4122,1521756706.0,2018-03-23 06:11:46
3hhwfd81,the_ballz3,1,1314,3130,1555622724.0,2019-04-19 05:25:24
28tab16w,KataKataBijaksana,100,3388,14262,1539264669.0,2018-10-11 21:31:09
12t88acw,needacoldshower,100,10941,8298,1521725901.0,2018-03-22 21:38:21
3d9ihuut,larnaaaaa,4,295,3190,1552038827.0,2019-03-08 17:53:47
1cwj19pc,its-complicated-16,27,2652,12634,1526168873.0,2018-05-13 07:47:53
2l0itdr3,Flart_Gnaffy,41,2037,4056,1542415559.0,2018-11-17 08:45:59
4m8kd01u,Throwaway061401,1,0,3057,1568848398.0,2019-09-19 07:13:18
20np54hy,MrsJoJack,7,5627,3192,1534693896.0,2018-08-19 23:51:36
3osdl28x,offmechesttossaway,4,2463,3116,1556591640.0,2019-04-30 10:34:00
2bki2omh,strangeFITSofpassion,5,593,4849,1538351296.0,2018-10-01 07:48:16
3mgew0br,dadwithautistickid,1,1067,3242,1555622177.0,2019-04-19 05:16:17
15j4ag5,nanavicki,14,3300,4846,1494815696.0,2017-05-15 10:34:56
4it3sqe9,anonymous8273728,3,4,2981,1567647883.0,2019-09-05 09:44:43
me43z,Lady_Groudon,100,6682,11641,1426906173.0,2015-03-21 10:49:33
4h4pkfcw,magicmama707,1,107,2706,1567086892.0,2019-08-29 21:54:52
34zovlng,_Doober__,6,1502,3646,1549132273.0,2019-02-03 02:31:13
