user_id,tweet_id,throwaway,percentage,retweet,created,sentiment,likes,score
322539352,684775572350832640,-0.25,-0.1,-0.2,0.0,-0.1779,0,-0.1779
322539352,522805185132134400,-0.25,-0.1,-0.2,-0.2,-0.1779,0,-0.2
550509554,1190478743841718272,-0.25,-0.1,-0.6,-1.0,-0.7783,0,-0.6
550509554,1190473350478479360,-0.25,-0.1,-0.6,-1.0,-0.5574,0,-0.5574
550509554,1189483177812905984,-0.25,-0.1,-0.6,-0.4,-0.296,0,-0.296
550509554,1188878587362889728,-0.25,-0.1,-0.6,-0.2,-0.6369,0,-0.25
550509554,1186787897082556417,-0.25,-0.1,-0.6,-0.8,-0.5368,0,-0.5368
550509554,1186603439394054144,-0.25,-0.1,-0.6,-0.2,0.34,0,-0.2
550509554,1186059707984822278,-0.25,-0.1,-0.6,-0.8,-0.9474,0,-0.6
1172131788304596992,1188429486431313920,-0.25,-0.1,-0.6,-0.2,0.5003,0,-0.2
1172131788304596992,1186902670067548160,-0.25,-0.1,-0.6,-0.6,0.5994,0,-0.25
1172131788304596992,1176513547918073870,-0.25,-0.1,-0.6,0.0,-0.5574,0,-0.25
1172131788304596992,1176172437614014469,-0.25,-0.1,-0.6,0.0,-0.6705,0,-0.25
1169285812975857664,1186461405408448512,-0.25,-0.1,-0.6,-1.0,0.0,0,-0.25
1169285812975857664,1182637544552288257,-0.25,-0.1,-0.2,-0.2,-0.6521,0,-0.2
1178984578955927552,1183593451880882176,-0.25,-0.1,-0.6,-1.0,-0.5574,0,-0.5574
1095403294988648448,1183236708361539584,-0.25,-0.1,-0.6,-1.0,-0.128,0,-0.25
1095403294988648448,1181080100877606912,-0.25,-0.1,-0.6,-0.8,-0.5574,0,-0.5574
1095403294988648448,1179774646641664002,-0.25,-0.1,-0.2,0.0,-0.714,1,-0.2
1095403294988648448,1179488984919138306,-0.25,-0.1,-0.6,-0.4,-0.5267,0,-0.4
1095403294988648448,1172471551591092225,-0.25,-0.1,-0.6,-0.2,-0.8176,0,-0.25
1056397803377881089,1190308836638253057,-0.25,-0.1,-0.6,0.0,-0.25,0,-0.25
1056397803377881089,1189975663702355970,-0.25,-0.1,-0.6,-0.2,-0.5423,0,-0.25
1056397803377881089,1188900919196426241,-0.25,-0.1,-0.6,-0.4,-0.6705,0,-0.4
1056397803377881089,1188743809422839809,-0.25,-0.1,-0.6,-0.4,-0.6597,0,-0.4
1056397803377881089,1188115376359522304,-0.25,-0.1,-0.6,0.0,-0.4019,0,-0.25
1056397803377881089,1186932970617262080,-0.25,-0.1,-0.6,-0.4,0.6369,0,-0.25
1056397803377881089,1186712490853490689,-0.25,-0.1,-0.6,-0.2,-0.7579,0,-0.25
1056397803377881089,1185447373046198272,-0.25,-0.1,-0.6,-0.8,0.3798,0,-0.25
14932545,1187596088641015809,-0.25,-0.1,-0.2,-0.8,-0.0516,0,-0.2
14932545,1177884054848442370,-0.25,-0.1,-0.2,-0.4,-0.8402,0,-0.25
91141727,1187557463756857345,-0.25,-0.1,-0.2,-1.0,0.4898,2,-0.2
91141727,1182897235819925504,-0.25,-0.1,-0.2,-0.8,-0.2023,4,-0.2023
91141727,1182870561510346754,-0.25,-0.1,-0.2,-1.0,-0.5719,0,-0.25
91141727,1182503448073388033,-0.25,-0.1,-0.2,-1.0,-0.7906,0,-0.25
3343559655,1190594214473687046,-0.25,-0.1,-0.6,-0.2,-0.6124,0,-0.25
3343559655,1179425151219355651,-0.25,-0.1,-0.6,0.0,-0.6908,0,-0.25
3343559655,1176834742257364992,-0.25,-0.1,-0.2,-0.2,0.2728,3,-0.2
3343559655,1173787781153329153,-0.25,-0.1,-0.6,-1.0,0.0,0,-0.25
718625441549000704,1190594200749957122,-0.25,-0.1,-0.6,-0.2,0.296,0,-0.2
718625441549000704,1190011117403291649,-0.25,-0.1,-0.2,-0.6,-0.7569,0,-0.25
718625441549000704,1189196843277869056,-0.25,-0.1,-0.6,0.0,-0.7964,0,-0.25
718625441549000704,1188990945053818881,-0.25,-0.1,-0.6,-1.0,-0.8779,0,-0.6
718625441549000704,1188573755716575232,-0.25,-0.1,-0.6,-0.6,-0.34,0,-0.34
718625441549000704,1188480578515062789,-0.25,-0.1,-0.6,0.0,-0.5232,0,-0.25
718625441549000704,1188212840592744448,-0.25,-0.1,-0.6,-0.6,-0.6369,0,-0.6
718625441549000704,1186445052962398216,-0.25,-0.1,-0.6,-0.8,-0.8201,0,-0.6
718625441549000704,1186444969667694592,-0.25,-0.1,-0.6,-0.8,0.1007,0,-0.25
718625441549000704,1186033069096128514,-0.25,-0.1,-0.6,-0.6,-0.4404,0,-0.4404
1264691628,1189469230938415105,-0.25,-0.1,-0.2,-0.4,-0.0772,3,-0.2
1264691628,1188923626403311617,-0.25,-0.1,-0.2,-0.6,-0.8553,0,-0.25
1264691628,1188795927735222273,-0.25,-0.1,-0.2,-0.2,-0.7351,2,-0.2
1264691628,1188604886809763840,-0.25,-0.1,-0.2,-0.8,-0.9169,2,-0.25
1264691628,1188488369401188352,-0.25,-0.1,-0.2,0.0,-0.8172,8,-0.2
1264691628,1188298979139903488,-0.25,-0.1,-0.2,-1.0,0.3612,3,-0.2
1264691628,1187862449980166144,-0.25,-0.1,-0.2,-0.6,-0.6784,0,-0.25
1264691628,1185985600022892550,-0.25,-0.1,-0.2,-0.2,-0.802,64,-0.2
187351126,1190588988496777217,-0.25,-0.1,-0.6,-0.2,-0.6808,0,-0.25
187351126,1190588962919731200,-0.25,-0.1,-0.6,-0.2,-0.4215,0,-0.25
187351126,1190557244506755074,-0.25,-0.1,-0.6,-0.4,-0.8545,0,-0.4
187351126,1190240105941872640,-0.25,-0.1,-0.6,-0.2,-0.25,0,-0.25
187351126,1190097514957025282,-0.25,-0.1,-0.6,-1.0,0.4847,0,-0.25
187351126,1190094638037831681,-0.25,-0.1,-0.6,-1.0,-0.834,0,-0.6
187351126,1189935303815057408,-0.25,-0.1,-0.6,0.0,-0.5719,0,-0.25
187351126,1189904644312576000,-0.25,-0.1,-0.6,0.0,0.8074,0,-0.1
1138962803908325376,1188218197553512448,-0.25,-0.1,-0.6,-0.6,-0.6688,0,-0.6
1138962803908325376,1181413284794134528,-0.25,-0.1,-0.6,-1.0,-0.5994,0,-0.5994
1138962803908325376,1177648511388532738,-0.25,-0.1,-0.2,-0.2,0.0,0,-0.2
1138962803908325376,1176722779204243456,-0.25,-0.1,-0.2,-1.0,-0.4767,0,-0.25
1138962803908325376,1176577481140129792,-0.25,-0.1,-0.2,-0.4,-0.8586,0,-0.25
804301316969426944,1190357541143875585,-0.25,-0.1,-0.2,-0.4,-0.2023,6,-0.2023
804301316969426944,1189958823785750528,-0.25,-0.1,-0.6,-0.2,0.0,0,-0.2
804301316969426944,1189546253224497152,-0.25,-0.1,-0.2,0.0,-0.3543,1,-0.2
804301316969426944,1189517188044070913,-0.25,-0.1,-0.2,-0.2,0.2732,7,-0.2
775329829910708224,1189652493376131072,-0.25,-0.1,-0.2,-0.6,-0.7783,0,-0.25
775329829910708224,1189135807069769731,-0.25,-0.1,-0.2,-0.2,-0.7512,3,-0.2
775329829910708224,1188641440160800768,-0.25,-0.1,-0.6,-1.0,-0.3612,0,-0.3612
775329829910708224,1188640276832800774,-0.25,-0.1,-0.6,-1.0,-0.9118,0,-0.6
775329829910708224,1187141840769863680,-0.25,-0.1,-0.6,-0.8,-0.7531,0,-0.6
1052181369265250304,1190372016735555589,-0.25,-0.1,-0.6,-0.4,-0.4404,0,-0.4
1052181369265250304,1190321888972726274,-0.25,-0.1,-0.2,-0.2,0.3182,0,-0.2
1052181369265250304,1189525153266524160,-0.25,-0.1,-0.6,-0.2,-0.0798,0,-0.2
1052181369265250304,1188473366103183360,-0.25,-0.1,-0.6,0.0,-0.5574,0,-0.25
1052181369265250304,1188456644444938240,-0.25,-0.1,-0.6,0.0,-0.3008,0,-0.25
1052181369265250304,1188416667627466752,-0.25,-0.1,-0.6,-0.2,-0.7304,0,-0.25
1052181369265250304,1188036508244152320,-0.25,-0.1,-0.6,-0.4,-0.5859,0,-0.4
585912212,1190594221612425217,-0.25,-0.1,-0.6,-0.2,0.0,0,-0.2
585912212,1177785812546723840,-0.25,-0.1,-0.6,-1.0,-0.6103,0,-0.6
585912212,1164544275289432065,-0.25,-0.1,-0.2,0.0,-0.296,2,-0.2
585912212,1163627305077497860,-0.25,-0.1,-0.2,-1.0,0.0,1,-0.2
585912212,1161995628915781632,-0.25,-0.1,-0.6,0.0,-0.8402,0,-0.25
585912212,1157771593050988550,-0.25,-0.1,-0.6,-0.6,-0.4588,0,-0.4588
585912212,1154691770833350656,-0.25,-0.1,-0.6,-0.4,-0.8439,0,-0.4
585912212,1152732515368615936,-0.25,-0.1,-0.6,-0.8,-0.7013,0,-0.6
585912212,1151441874902761478,-0.25,-0.1,-0.6,-0.4,0.216,0,-0.25
585912212,1150543637719240709,-0.25,-0.1,-0.6,-0.8,-0.6705,0,-0.6
1011081646236303360,1190594216423911424,-0.25,-0.1,-0.6,-0.2,0.0,0,-0.2
1011081646236303360,1190586554470633472,-0.25,-0.1,-0.6,-0.2,0.1082,0,-0.2
1011081646236303360,1190559611142561792,-0.25,-0.1,-0.6,-0.4,0.0,0,-0.25
1011081646236303360,1190275703897387008,-0.25,-0.1,-0.6,0.0,-0.5719,0,-0.25
1011081646236303360,1190261345536491523,-0.25,-0.1,-0.6,0.0,-0.0772,0,-0.1
1011081646236303360,1190170299032952832,-0.25,-0.1,-0.6,-0.6,-0.8176,0,-0.6
1011081646236303360,1189766008325558272,-0.25,-0.1,-0.6,-1.0,-0.2732,0,-0.2732
1011081646236303360,1189745405241614336,-0.25,-0.1,-0.6,-1.0,0.09,0,-0.25
1011081646236303360,1189490319366086656,-0.25,-0.1,-0.6,-0.4,0.25,0,-0.25
1719496411,1190594229241831425,-0.25,-0.1,-0.6,-0.2,-0.5423,0,-0.25
1719496411,994418819786592257,-0.25,-0.1,-0.2,-1.0,0.0,0,-0.2
1719496411,793992864346804228,-0.25,-0.1,-0.6,-1.0,-0.5423,0,-0.5423
1719496411,791834027212804096,-0.25,-0.1,-0.6,-1.0,-0.836,0,-0.6
1719496411,786044510971240448,-0.25,-0.1,-0.6,-1.0,-0.5423,0,-0.5423
1719496411,778430371830624256,-0.25,-0.1,-0.6,-1.0,-0.7906,0,-0.6
1719496411,736041585805295616,-0.25,-0.1,-0.6,-1.0,-0.8957,0,-0.6
1190593492134891521,1190594225945100289,-1.0,-1.0,-0.2,-0.2,-0.5423,0,-0.5423
95947531,1186998463109779457,-0.25,-0.1,-0.6,0.0,-0.4404,0,-0.25
95947531,1184173688729624578,-0.25,-0.1,-0.6,-0.2,-0.5423,0,-0.25
95947531,1180114171746111489,-0.25,-0.1,-0.6,0.0,-0.5809,0,-0.25
95947531,1176216322486784002,-0.25,-0.1,-0.2,-0.4,-0.5574,0,-0.25
95947531,1172493074041376768,-0.25,-0.1,-0.6,-0.2,-0.4404,0,-0.25
95947531,1172404539476938753,-0.25,-0.1,-0.6,-0.8,-0.6908,0,-0.6
853915380707868672,1190580652321542146,-0.25,-0.1,-0.6,-0.4,-0.296,0,-0.296
853915380707868672,1189071324616056833,-0.25,-0.1,-0.6,-0.8,-0.5719,0,-0.5719
853915380707868672,1188421537767931906,-0.25,-0.1,-0.2,-0.2,-0.5719,0,-0.2
890954372187922432,1189860461644259328,-0.25,-0.1,-0.6,-0.2,-0.6705,0,-0.25
890954372187922432,1188088461997363202,-0.25,-0.1,-0.6,0.0,0.0,0,-0.1
890954372187922432,1188056391543590914,-0.25,-0.1,-0.6,-0.2,-0.5859,0,-0.25
890954372187922432,1188043611549655041,-0.25,-0.1,-0.6,-0.4,-0.875,0,-0.4
890954372187922432,1188028120470822912,-0.25,-0.1,-0.2,-0.4,0.8216,5,-0.2
890954372187922432,1188008193391243268,-0.25,-0.1,-0.2,-0.6,0.3804,7,-0.2
890954372187922432,1187455829987020800,-0.25,-0.1,-0.6,-0.4,0.7269,0,-0.25
890954372187922432,1186328615497154560,-0.25,-0.1,-0.2,-0.2,-0.886,1,-0.2
890954372187922432,1186313278399664128,-0.25,-0.1,-0.2,0.0,-0.8625,0,-0.2
890954372187922432,1185987123721228288,-0.25,-0.1,-0.6,-0.2,-0.5562,0,-0.25
890954372187922432,1185273560077615104,-0.25,-0.1,-0.2,-0.4,-0.6908,0,-0.25
890954372187922432,1185198491934625793,-0.25,-0.1,-0.6,0.0,-0.802,0,-0.25
23071819,1189523719082905601,-0.25,-0.1,-0.6,-0.2,0.8711,0,-0.2
23071819,1185191104418910208,-0.25,-0.1,-0.6,0.0,-0.1531,0,-0.1531
23071819,1181759051874603010,-0.25,-0.1,-0.6,-1.0,-0.4588,0,-0.4588
23071819,1180092129097506817,-0.25,-0.1,-0.6,-0.2,0.5719,0,-0.2
1174997359027245057,1190439909607321601,-0.25,-0.1,-0.2,-1.0,-0.875,5,-0.25
1174997359027245057,1190243011252367363,-0.25,-0.1,-0.2,-0.2,-0.9602,0,-0.2
1174997359027245057,1189632179460100101,-0.25,-0.1,-0.2,-0.4,-0.7579,6,-0.25
1174997359027245057,1188920838810165248,-0.25,-0.1,-0.6,-0.4,-0.6705,0,-0.4
1174997359027245057,1187061033443172353,-0.25,-0.1,-0.2,-0.2,-0.7003,1,-0.2
1174997359027245057,1187025761833832453,-0.25,-0.1,-0.2,0.0,-0.8847,0,-0.2
1174997359027245057,1186890148006563840,-0.25,-0.1,-0.6,-0.8,0.1531,0,-0.25
1174997359027245057,1186558033515732992,-0.25,-0.1,-0.2,-0.6,-0.5719,9,-0.25
1174997359027245057,1186283004605411331,-0.25,-0.1,-0.6,0.0,0.3481,0,-0.1
1174997359027245057,1185293784441151489,-0.25,-0.1,-0.6,-0.4,-0.3975,0,-0.3975
1174997359027245057,1184071773618352130,-0.25,-0.1,-0.6,-0.2,-0.7203,0,-0.25
277958654,1189907769458970624,-0.25,-0.1,-0.6,0.0,-0.1779,0,-0.1779
277958654,1189576056723755009,-0.25,-0.1,-0.6,0.0,-0.4215,0,-0.25
277958654,1189418805409153024,-0.25,-0.1,-0.6,-0.8,-0.0018,0,-0.25
277958654,1189006021726883841,-0.25,-0.1,-0.6,-1.0,-0.8687,0,-0.6
277958654,1188663597146075137,-0.25,-0.1,-0.6,-1.0,0.079,0,-0.25
277958654,1188661982414528513,-0.25,-0.1,-0.6,-1.0,-0.2732,0,-0.2732
277958654,1188473598672900097,-0.25,-0.1,-0.6,0.0,0.1655,0,-0.1
187487065,1179074395026919425,-0.25,-0.1,-0.6,0.0,-0.69,0,-0.25
710040636,1190594244995534848,-0.25,-0.1,-0.6,-0.2,-0.683,0,-0.25
710040636,1190593152228319233,-0.25,-0.1,-0.6,-0.2,-0.5994,0,-0.25
710040636,1190250739232198656,-0.25,-0.1,-0.6,-0.2,-0.9525,0,-0.25
710040636,1190080741633187840,-0.25,-0.1,-0.6,-1.0,0.128,0,-0.25
710040636,1189970635792928768,-0.25,-0.1,-0.6,-0.2,-0.8402,0,-0.25
710040636,1188718904736006145,-0.25,-0.1,-0.6,-0.6,-0.5719,0,-0.5719
710040636,1188019926318977026,-0.25,-0.1,-0.6,-0.4,-0.7964,0,-0.4
710040636,1187896938860924928,-0.25,-0.1,-0.6,-1.0,-0.6705,0,-0.6
710040636,1187549149564043264,-0.25,-0.1,-0.6,-1.0,-0.7964,0,-0.6
710040636,1187245487851618305,-0.25,-0.1,-0.6,-0.8,-0.6705,0,-0.6
710040636,1187078315972030465,-0.25,-0.1,-0.6,-0.2,-0.855,0,-0.25
710040636,1187074410890448896,-0.25,-0.1,-0.6,-0.2,-0.6486,0,-0.25
710040636,1186671172336807936,-0.25,-0.1,-0.6,0.0,-0.6369,0,-0.25
710040636,1185365100338630656,-0.25,-0.1,-0.6,-1.0,-0.0418,0,-0.25
710040636,1184443386687676417,-0.25,-0.1,-0.6,-0.2,-0.7003,0,-0.25
122807798,1180826340968341505,-0.25,-0.1,-0.2,-0.2,-0.4348,0,-0.2
122807798,1179967533866205186,-0.25,-0.1,-0.6,-1.0,0.0,0,-0.25
892501313526923267,1183736749702504448,-0.25,-0.1,-0.6,0.0,-0.5719,0,-0.25
892501313526923267,1175122791722565632,-0.25,-0.1,-0.6,-0.4,-0.6597,0,-0.4
1338740544,1187413162292891648,-0.25,-0.1,-0.6,0.0,-0.8625,0,-0.25
1338740544,1187408938024595456,-0.25,-0.1,-0.6,0.0,-0.8225,0,-0.25
1338740544,1187040581161086976,-0.25,-0.1,-0.6,0.0,-0.836,0,-0.25
1338740544,1187038845038026753,-0.25,-0.1,-0.6,0.0,-0.8316,0,-0.25
1338740544,1186904739075760130,-0.25,-0.1,-0.6,-0.6,-0.6597,0,-0.6
1338740544,1186541547854151681,-0.25,-0.1,-0.6,-0.6,-0.8689,0,-0.6
1338740544,1186197142341210113,-0.25,-0.1,-0.6,-0.6,-0.5267,0,-0.5267
1338740544,1185856045714821121,-0.25,-0.1,-0.6,-0.4,0.0,0,-0.25
1338740544,1185537488917385216,-0.25,-0.1,-0.6,-0.2,0.4767,0,-0.2
1338740544,1185261625479172096,-0.25,-0.1,-0.6,-0.2,-0.4784,0,-0.25
1338740544,1185260765831454725,-0.25,-0.1,-0.6,-0.2,-0.6705,0,-0.25
1338740544,1184754707643764736,-0.25,-0.1,-0.6,-0.6,-0.8625,0,-0.6
1338740544,1184462285747523584,-0.25,-0.1,-0.6,0.0,0.6597,0,-0.1
1338740544,1184347034515435521,-0.25,-0.1,-0.6,-0.8,-0.802,0,-0.6
1338740544,1184317811415404544,-0.25,-0.1,-0.6,-1.0,-0.91,0,-0.6
1338740544,1183414320379490305,-0.25,-0.1,-0.6,0.0,-0.5994,0,-0.25
1338740544,1183405880408039425,-0.25,-0.1,-0.6,0.0,-0.7351,0,-0.25
1338740544,1183404954632908807,-0.25,-0.1,-0.6,0.0,-0.3612,0,-0.25
1338740544,1182989956416851968,-0.25,-0.1,-0.6,-0.2,-0.8624,0,-0.25
1338740544,1182982834656399361,-0.25,-0.1,-0.6,-0.2,-0.9022,0,-0.25
1338740544,1181976652164685824,-0.25,-0.1,-0.6,0.0,-0.8625,0,-0.25
1338740544,1181938833690173440,-0.25,-0.1,-0.6,0.0,-0.6705,0,-0.25
292636496,1109969029798731776,-0.25,-0.1,-0.6,-0.8,-0.8834,0,-0.6
292636496,1084438687948115969,-0.25,-0.1,-0.2,0.0,-0.5859,6,-0.2
292636496,1051188799286464512,-0.25,-0.1,-0.6,-0.4,0.9114,0,-0.25
292636496,1046028464124567552,-0.25,-0.1,-0.6,0.0,-0.2263,0,-0.2263
292636496,1023581464749899776,-0.25,-0.1,-0.6,0.0,-0.4767,0,-0.25
292636496,1021563355612499968,-0.25,-0.1,-0.6,-1.0,-0.802,0,-0.6
424114017,1190595186948050944,-0.25,-0.1,-0.6,-0.2,-0.6705,0,-0.25
424114017,1186181510115684352,-0.25,-0.1,-0.6,-0.6,-0.6115,0,-0.6
424114017,1185476048755912704,-0.25,-0.1,-0.6,-0.6,0.4404,0,-0.25
424114017,1184063965216661505,-0.25,-0.1,-0.6,-0.2,0.4215,0,-0.2
424114017,1184012508903796736,-0.25,-0.1,-0.6,-0.6,-0.0516,0,-0.25
424114017,1183802390450823170,-0.25,-0.1,-0.6,-0.2,-0.5823,0,-0.25
1264541534,1190569426443284482,-0.25,-0.1,-0.6,-0.4,0.237,0,-0.25
1264541534,1190288722039910401,-0.25,-0.1,-0.6,0.0,-0.4548,0,-0.25
3304960124,1189096413075886080,-0.25,-0.1,-0.6,-0.6,-0.7783,0,-0.6
3304960124,1168106478261030913,-0.25,-0.1,-0.2,-0.4,-0.6908,1,-0.25
1190349591968960513,1190597516561133568,-1.0,-0.1,-0.2,-0.2,-0.315,29,-0.2
469706800,1018242308104507392,-0.25,-0.1,-0.6,-0.6,-0.7477,0,-0.6
707290785050398720,1190027547167379456,-0.25,-0.1,-0.6,-0.6,-0.6321,0,-0.6
707290785050398720,1189915356627898368,-0.25,-0.1,-0.6,0.0,-0.5994,0,-0.25
707290785050398720,1189711834997280768,-0.25,-0.1,-0.6,-1.0,-0.3182,0,-0.3182
707290785050398720,1189554967633448960,-0.25,-0.1,-0.6,0.0,0.0,0,-0.1
707290785050398720,1185934607948103683,-0.25,-0.1,-0.6,0.0,-0.5994,0,-0.25
707290785050398720,1183971532441296896,-0.25,-0.1,-0.6,-0.8,-0.8126,0,-0.6
707290785050398720,1179705867362607104,-0.25,-0.1,-0.6,-0.4,-0.4019,0,-0.4
707290785050398720,1179158823698911232,-0.25,-0.1,-0.6,-0.6,-0.3094,0,-0.3094
707290785050398720,1177855206987567104,-0.25,-0.1,-0.6,-0.6,-0.0516,0,-0.25
707290785050398720,1177277835494535169,-0.25,-0.1,-0.6,-0.2,-0.34,0,-0.25
707290785050398720,1176853519237885952,-0.25,-0.1,-0.2,0.0,-0.2422,0,-0.2
707290785050398720,1176808273854566403,-0.25,-0.1,-0.6,-0.4,-0.3506,0,-0.3506
707290785050398720,1176806341899407360,-0.25,-0.1,-0.6,-0.4,-0.4019,0,-0.4
707290785050398720,1176804882151612417,-0.25,-0.1,-0.6,-0.4,-0.5994,0,-0.4
552671564,1190299075888988160,-0.25,-0.1,-0.2,0.0,0.7639,0,-0.1
552671564,1190247717659918336,-0.25,-0.1,-0.2,-0.2,-0.5574,1,-0.2
552671564,1189632812485398529,-0.25,-0.1,-0.2,-0.4,-0.5719,0,-0.25
552671564,1188781818700541952,-0.25,-0.1,-0.2,-0.2,-0.6731,1,-0.2
552671564,1187615297555128320,-0.25,-0.1,-0.6,-0.8,0.2023,0,-0.25
552671564,1186159766449598470,-0.25,-0.1,-0.6,-0.8,-0.5719,0,-0.5719
552671564,1186032600886009856,-0.25,-0.1,-0.2,-0.6,-0.2023,1,-0.2023
552671564,1184554748973854720,-0.25,-0.1,-0.6,-0.4,-0.6908,0,-0.4
552671564,1184553315415285766,-0.25,-0.1,-0.2,-0.4,-0.5994,1,-0.25
973522563920875521,1190594254189387778,-0.25,-0.1,-0.6,-0.2,0.7184,0,-0.2
973522563920875521,1190590054327930881,-0.25,-0.1,-0.6,-0.2,0.0,0,-0.2
973522563920875521,1189142729541832704,-0.25,-0.1,-0.6,-0.2,0.2846,0,-0.2
973522563920875521,1188076369164435457,-0.25,-0.1,-0.6,-0.2,-0.8126,0,-0.25
974234680504537088,1190594250364219392,-0.25,-0.1,-0.6,-0.2,0.7184,0,-0.2
974234680504537088,1189772433865052160,-0.25,-0.1,-0.6,-0.8,-0.8074,0,-0.6
974234680504537088,1189680691719671809,-0.25,-0.1,-0.6,-0.8,-0.9578,0,-0.6
974234680504537088,1189329425281761282,-0.25,-0.1,-0.6,-0.8,0.2846,0,-0.25
974234680504537088,1188632862796308480,-0.25,-0.1,-0.6,-1.0,-0.6705,0,-0.6
974234680504537088,1187461456951832578,-0.25,-0.1,-0.6,-0.4,-0.5628,0,-0.4
974234680504537088,1185468955609059328,-0.25,-0.1,-0.6,-0.6,-0.2732,0,-0.2732
974234680504537088,1184778739768385537,-0.25,-0.1,-0.6,-0.4,0.0,0,-0.25
974234680504537088,1184464692116373506,-0.25,-0.1,-0.6,0.0,-0.891,0,-0.25
974234680504537088,1183476409488031745,-0.25,-0.1,-0.6,-0.4,-0.743,0,-0.4
974234680504537088,1183334390073573376,-0.25,-0.1,-0.6,-0.4,-0.8316,0,-0.4
974234680504537088,1182633981507858434,-0.25,-0.1,-0.6,-0.2,-0.5423,0,-0.25
1111857325655101440,1190196161824477184,-0.25,-0.1,-0.6,-0.4,-0.6705,0,-0.4
1111857325655101440,1190194177759277058,-0.25,-0.1,-0.6,-0.4,0.3182,0,-0.25
1111857325655101440,1189885231404183552,-0.25,-0.1,-0.6,-0.2,-0.6707,0,-0.25
1111857325655101440,1189880314841055232,-0.25,-0.1,-0.6,-0.2,-0.8402,0,-0.25
1111857325655101440,1189829719014793220,-0.25,-0.1,-0.6,-0.4,-0.4215,0,-0.4
1111857325655101440,1189828159807471616,-0.25,-0.1,-0.6,-0.6,-0.836,0,-0.6
1111857325655101440,1189495091745845249,-0.25,-0.1,-0.6,-0.4,-0.7506,0,-0.4
1111857325655101440,1189469837510107136,-0.25,-0.1,-0.6,-0.4,-0.1779,0,-0.25
1111857325655101440,1189450040445526016,-0.25,-0.1,-0.6,-0.6,-0.4588,0,-0.4588
1111857325655101440,1189243887187103744,-0.25,-0.1,-0.6,-0.2,-0.8555,0,-0.25
1111857325655101440,1189179401230897152,-0.25,-0.1,-0.6,0.0,0.2023,0,-0.1
1111857325655101440,1189028547291013120,-0.25,-0.1,-0.6,-1.0,-0.6705,0,-0.6
1111857325655101440,1188771690349658112,-0.25,-0.1,-0.6,-0.4,-0.8481,0,-0.4
1111857325655101440,1188681730506424320,-0.25,-0.1,-0.6,-1.0,0.079,0,-0.25
1111857325655101440,1188670332271378432,-0.25,-0.1,-0.6,-1.0,0.1655,0,-0.25
1111857325655101440,1188669180016381953,-0.25,-0.1,-0.6,-1.0,-0.2732,0,-0.2732
1111857325655101440,1188669053415505920,-0.25,-0.1,-0.6,-1.0,0.0,0,-0.25
1111857325655101440,1188664499319894016,-0.25,-0.1,-0.6,-1.0,0.2023,0,-0.25
1111857325655101440,1188458502232035329,-0.25,-0.1,-0.6,0.0,-0.0772,0,-0.1
1111857325655101440,1188381326178582529,-0.25,-0.1,-0.6,-0.4,-0.6996,0,-0.4
1111857325655101440,1188380725092839424,-0.25,-0.1,-0.6,-0.4,-0.5848,0,-0.4
1111857325655101440,1188321928521474049,-0.25,-0.1,-0.6,-0.8,0.6908,0,-0.25
1111857325655101440,1188314068102176773,-0.25,-0.1,-0.6,-1.0,-0.6705,0,-0.6
2174341803,1190459692360904704,-0.25,-0.1,-0.6,-1.0,-0.6705,0,-0.6
2174341803,1188323641064378368,-0.25,-0.1,-0.6,-0.8,0.25,0,-0.25
2174341803,1186622269239562240,-0.25,-0.1,-0.6,-0.2,-0.9455,0,-0.25
2174341803,1184680955941998594,-0.25,-0.1,-0.2,-1.0,-0.5719,1,-0.25
2174341803,1184202007747452928,-0.25,-0.1,-0.6,-0.4,-0.5574,0,-0.4
2174341803,1182839566069354496,-0.25,-0.1,-0.6,-1.0,-0.9001,0,-0.6
2174341803,1182131021682221056,-0.25,-0.1,-0.2,-1.0,-0.7841,5,-0.25
2174341803,1182072894307872769,-0.25,-0.1,-0.6,-0.8,-0.7579,0,-0.6
2245239869,1190334520647651328,-0.25,-0.1,-0.6,-0.2,-0.5994,0,-0.25
2245239869,1190334463617765376,-0.25,-0.1,-0.6,-0.2,-0.5994,0,-0.25
2245239869,1190331221651398656,-0.25,-0.1,-0.2,-0.2,-0.8316,2,-0.2
2245239869,1190297152397991937,-0.25,-0.1,-0.2,0.0,-0.636,30,-0.2
2245239869,1190295246296567809,-0.25,-0.1,-0.2,0.0,-0.8316,33,-0.2
2245239869,1190264295457804288,-0.25,-0.1,-0.2,0.0,-0.5994,4,-0.2
2245239869,1190224768018112513,-0.25,-0.1,-0.2,-0.2,-0.636,39,-0.2
2245239869,1190200733838249984,-0.25,-0.1,-0.6,-0.4,-0.5994,0,-0.4
2245239869,1190196361368686596,-0.25,-0.1,-0.2,-0.4,-0.5994,1,-0.25
2245239869,1190170238173757441,-0.25,-0.1,-0.2,-0.6,-0.5994,151,-0.25
2245239869,1190166653750906880,-0.25,-0.1,-0.2,-0.6,-0.636,16,-0.25
2245239869,1190166147045502977,-0.25,-0.1,-0.2,-0.6,-0.5994,2,-0.25
2245239869,1190165472605429760,-0.25,-0.1,-0.2,-0.6,-0.5994,1,-0.25
2245239869,1190164782952964097,-0.25,-0.1,-0.6,-0.6,-0.8316,0,-0.6
2245239869,1190164637406433280,-0.25,-0.1,-0.2,-0.6,-0.5994,1,-0.25
2245239869,1190163911762481152,-0.25,-0.1,-0.2,-0.6,-0.802,91,-0.25
2245239869,1189958897412530178,-0.25,-0.1,-0.2,-0.2,-0.5994,1,-0.2
2245239869,1189958615823724545,-0.25,-0.1,-0.2,-0.2,-0.8316,0,-0.2
2245239869,1189957162228998144,-0.25,-0.1,-0.6,-0.2,-0.5994,0,-0.25
2245239869,1189939499968667650,-0.25,-0.1,-0.2,0.0,-0.5994,1,-0.2
2245239869,1189909786160173057,-0.25,-0.1,-0.2,0.0,-0.5994,2,-0.2
2245239869,1189873622401376256,-0.25,-0.1,-0.2,-0.2,-0.5994,1,-0.2
2245239869,1189857052149112832,-0.25,-0.1,-0.2,-0.4,-0.9136,2,-0.25
2245239869,1189856528779616257,-0.25,-0.1,-0.2,-0.4,-0.5994,3,-0.25
2245239869,1189821373788622849,-0.25,-0.1,-0.2,-0.6,-0.5994,31,-0.25
2245239869,1189813972591153152,-0.25,-0.1,-0.6,-0.6,-0.8316,0,-0.6
2245239869,1189813357668376577,-0.25,-0.1,-0.6,-0.6,-0.8316,0,-0.6
2245239869,1189813326768947200,-0.25,-0.1,-0.6,-0.6,-0.5994,0,-0.5994
2245239869,1189642405471019009,-0.25,-0.1,-0.2,-0.4,-0.3818,2,-0.25
2245239869,1189624744431292417,-0.25,-0.1,-0.2,-0.4,-0.5994,30,-0.25
2245239869,1189585815007047680,-0.25,-0.1,-0.2,0.0,-0.5994,1,-0.2
2245239869,1189578014247542784,-0.25,-0.1,-0.2,0.0,-0.636,21,-0.2
2245239869,1189269904442232832,-0.25,-0.1,-0.2,-0.4,-0.5994,25,-0.25
2245239869,1189264604423213060,-0.25,-0.1,-0.2,-0.4,-0.8316,27,-0.25
2245239869,1189243766235897856,-0.25,-0.1,-0.2,-0.2,-0.8316,32,-0.2
2245239869,1189232421784432641,-0.25,-0.1,-0.2,-0.2,-0.5994,43,-0.2
2245239869,1189220829168582656,-0.25,-0.1,-0.2,0.0,-0.5994,36,-0.2
323469506,1190458646078951424,-0.25,-0.1,-0.2,-1.0,-0.8228,3,-0.25
323469506,1183634256305614848,-0.25,-0.1,-0.6,-0.8,0.5362,0,-0.25
323469506,1181261212811554817,-0.25,-0.1,-0.6,-0.2,-0.9442,0,-0.25
323469506,1177088005820956672,-0.25,-0.1,-0.6,-0.8,-0.6597,0,-0.6
323469506,1175316436287291392,-0.25,-0.1,-0.6,-0.6,0.2732,0,-0.25
323469506,1167130350557884418,-0.25,-0.1,-0.6,-0.2,-0.7351,0,-0.25
323469506,1164153876422877189,-0.25,-0.1,-0.6,-0.2,-0.9571,0,-0.25
323469506,1164028304631857152,-0.25,-0.1,-0.2,-1.0,-0.7964,6,-0.25
323469506,1163337742266204161,-0.25,-0.1,-0.6,-0.8,-0.5106,0,-0.5106
323469506,1159026661351776257,-0.25,-0.1,-0.6,-0.4,-0.2023,0,-0.25
323469506,1153902645720993793,-0.25,-0.1,-0.6,-0.8,-0.9325,0,-0.6
323469506,1153195451744579584,-0.25,-0.1,-0.6,-0.8,0.1027,0,-0.25
323469506,1150206624004337664,-0.25,-0.1,-0.6,-0.8,0.4588,0,-0.25
323469506,1139358634440192000,-0.25,-0.1,-0.6,-1.0,0.7003,0,-0.25
572628047,1190594267808288769,-0.25,-0.1,-0.6,-0.2,0.0,0,-0.2
572628047,1190593914664673280,-0.25,-0.1,-0.6,-0.2,-0.5994,0,-0.25
572628047,1190593491543326723,-0.25,-0.1,-0.6,-0.2,-0.5994,0,-0.25
572628047,1188039235325976577,-0.25,-0.1,-0.6,-0.4,-0.6705,0,-0.4
572628047,1188039174441426946,-0.25,-0.1,-0.6,-0.4,-0.2023,0,-0.25
572628047,1187406242764865541,-0.25,-0.1,-0.6,0.0,-0.6542,0,-0.25
572628047,1187352912424357888,-0.25,-0.1,-0.6,-0.2,-0.1779,0,-0.2
572628047,1186567645270700032,-0.25,-0.1,-0.2,-0.6,-0.2023,0,-0.2023
572628047,1186486167664902144,-0.25,-0.1,-0.6,-1.0,0.4215,0,-0.25
1055885995919327232,1190594571241050112,-0.25,-0.1,-0.6,-0.2,-0.6705,0,-0.25
1055885995919327232,1190594261185519616,-0.25,-0.1,-0.6,-0.2,0.0,0,-0.2
1055885995919327232,1190289434681307136,-0.25,-0.1,-0.6,0.0,-0.9525,0,-0.25
1055885995919327232,1189871198718418949,-0.25,-0.1,-0.6,-0.2,-0.2732,0,-0.25
1055885995919327232,1189684968248578048,-0.25,-0.1,-0.6,-0.8,-0.6908,0,-0.6
1055885995919327232,1189683238240845824,-0.25,-0.1,-0.6,-0.8,-0.1531,0,-0.25
1055885995919327232,1188111147070709760,-0.25,-0.1,-0.6,0.0,-0.8442,0,-0.25
1055885995919327232,1188109915518160897,-0.25,-0.1,-0.6,0.0,-0.5994,0,-0.25
1055885995919327232,1187385334738214912,-0.25,-0.1,-0.6,0.0,-0.6542,0,-0.25
1055885995919327232,1185456804832002049,-0.25,-0.1,-0.6,-0.6,-0.6023,0,-0.6
1055885995919327232,1185044241224912896,-0.25,-0.1,-0.6,-1.0,-0.5719,0,-0.5719
1055885995919327232,1183785539373170688,-0.25,-0.1,-0.6,0.0,-0.5823,0,-0.25
96033630,1187838656985403399,-0.25,-0.1,-0.6,-0.6,-0.4779,0,-0.4779
96033630,1184828682998898688,-0.25,-0.1,-0.2,0.0,0.714,6,-0.1
96033630,1181340270832635904,-0.25,-0.1,-0.2,-0.6,-0.5719,0,-0.25
96033630,1181336907671887873,-0.25,-0.1,-0.2,-0.6,-0.6096,1,-0.25
96033630,1181178207061626880,-0.25,-0.1,-0.2,-0.2,-0.7096,7,-0.2
96033630,1180984085776408576,-0.25,-0.1,-0.2,-0.8,-0.5719,1,-0.25
96033630,1179045800833425408,-0.25,-0.1,-0.6,0.0,-0.7845,0,-0.25
1174568211582349312,1189472894843314176,-0.25,-0.1,-0.2,-0.4,-0.5574,1,-0.25
1174568211582349312,1188800781346054146,-0.25,-0.1,-0.2,-0.2,-0.3612,1,-0.2
1545053600,1190384593775538176,-0.25,-0.1,-0.6,-0.6,-0.5994,0,-0.5994
1545053600,1190384279173419008,-0.25,-0.1,-0.6,-0.6,-0.5574,0,-0.5574
1545053600,1190299891588894720,-0.25,-0.1,-0.6,0.0,-0.6067,0,-0.25
1545053600,1190207842734804993,-0.25,-0.1,-0.6,-0.4,-0.6705,0,-0.4
1545053600,1190017532490596353,-0.25,-0.1,-0.6,-0.6,-0.6908,0,-0.6
1545053600,1189835520609832960,-0.25,-0.1,-0.6,-0.4,-0.9255,0,-0.4
1545053600,1189783203848052736,-0.25,-0.1,-0.6,-0.8,-0.7096,0,-0.6
1545053600,1189548468383244288,-0.25,-0.1,-0.6,0.0,-0.4767,0,-0.25
1026837220454526978,1190576136520122369,-0.25,-0.1,-0.2,-0.4,-0.8116,28,-0.25
1026837220454526978,1190575765680742401,-0.25,-0.1,-0.2,-0.4,-0.3628,0,-0.25
1026837220454526978,1190570218285912064,-0.25,-0.1,-0.2,-0.4,-0.8484,1,-0.25
1026837220454526978,1190564173052297218,-0.25,-0.1,-0.2,-0.4,-0.9152,2,-0.25
1026837220454526978,1190563231934406659,-0.25,-0.1,-0.2,-0.4,-0.7542,0,-0.25
1026837220454526978,1190430722730975232,-0.25,-0.1,-0.2,-0.8,0.3327,15,-0.2
1026837220454526978,1190408959737376768,-0.25,-0.1,-0.2,-0.8,-0.7639,16,-0.25
1026837220454526978,1190387291694489601,-0.25,-0.1,-0.2,-0.6,-0.4229,22,-0.25
1026837220454526978,1190242377631436800,-0.25,-0.1,-0.2,-0.2,0.0772,2,-0.2
1026837220454526978,1189911476410167296,-0.25,-0.1,-0.2,0.0,-0.0168,9,-0.1
1026837220454526978,1189859894326898688,-0.25,-0.1,-0.2,-0.2,0.2272,3,-0.2
1026837220454526978,1189596720688066561,-0.25,-0.1,-0.2,-0.2,-0.796,0,-0.2
1026837220454526978,1189266412059217921,-0.25,-0.1,-0.2,-0.4,-0.9255,4,-0.25
1026837220454526978,1189179510127611904,-0.25,-0.1,-0.2,0.0,0.2685,0,-0.1
1026837220454526978,1189177260479303682,-0.25,-0.1,-0.2,0.0,-0.6641,3,-0.2
1026837220454526978,1189130725464924165,-0.25,-0.1,-0.2,-0.4,-0.8932,2,-0.25
1026837220454526978,1189126444645044224,-0.25,-0.1,-0.2,-0.4,-0.836,1,-0.25
2984451205,1187977621621088256,-0.25,-0.1,-0.6,-0.8,-0.7184,0,-0.6
2984451205,1187008848562999296,-0.25,-0.1,-0.6,0.0,-0.0516,0,-0.1
2984451205,1185652641759662080,-0.25,-0.1,-0.6,-0.4,-0.296,0,-0.296
3373066186,1190599590560649216,-0.25,-0.1,-0.6,-0.2,-0.7044,0,-0.25
3373066186,1190594277379850240,-0.25,-0.1,-0.6,-0.2,-0.7506,0,-0.25
3373066186,1190304391489892357,-0.25,-0.1,-0.6,0.0,-0.5994,0,-0.25
3373066186,1182548775090507777,-0.25,-0.1,-0.6,-0.8,-0.3612,0,-0.3612
3373066186,1182184396981522433,-0.25,-0.1,-0.6,-0.8,-0.8316,0,-0.6
3373066186,1178038002062372866,-0.25,-0.1,-0.6,-0.4,-0.6908,0,-0.4
3373066186,1177902426847924229,-0.25,-0.1,-0.6,-0.2,-0.1796,0,-0.2
3373066186,1176396386440552448,-0.25,-0.1,-0.6,-0.6,-0.6908,0,-0.6
3373066186,1175330678432522241,-0.25,-0.1,-0.6,-0.6,-0.3244,0,-0.3244
3373066186,1175329304550498304,-0.25,-0.1,-0.6,-0.6,0.2111,0,-0.25
931277498,1189632366668664837,-0.25,-0.1,-0.2,-0.4,-0.644,1,-0.25
931277498,1188973328045883400,-0.25,-0.1,-0.6,-0.8,-0.6908,0,-0.6
931277498,1188968301315145730,-0.25,-0.1,-0.6,-0.8,0.2732,0,-0.25
931277498,1188867725239767041,-0.25,-0.1,-0.2,-0.2,-0.0164,0,-0.2
931277498,1188293588544819201,-0.25,-0.1,-0.6,-1.0,-0.6705,0,-0.6
1112603840958869504,1190367573629685760,-0.25,-0.1,-0.2,-0.4,-0.0225,0,-0.2
1170830834372370433,1186391812677738496,-0.25,-0.1,-0.6,-0.6,-0.5423,0,-0.5423
1170830834372370433,1173700308469501953,-0.25,-0.1,-0.2,-0.4,0.0,0,-0.2
1170830834372370433,1173197950325071872,-0.25,-0.1,-0.6,-0.2,-0.6705,0,-0.25
1170830834372370433,1171910265073557504,-0.25,-0.1,-0.2,-0.6,-0.4767,1,-0.25
2809720950,1190589457096949760,-0.25,-0.1,-0.6,-0.2,-0.5719,0,-0.25
2809720950,1190588938639101952,-0.25,-0.1,-0.6,-0.2,-0.5106,0,-0.25
2809720950,1189973076643110913,-0.25,-0.1,-0.2,-0.2,0.1027,0,-0.2
2809720950,1189949153754984448,-0.25,-0.1,-0.2,0.0,-0.6597,0,-0.2
2809720950,1189948838888517633,-0.25,-0.1,-0.2,0.0,-0.5423,0,-0.2
2809720950,1189937885144866818,-0.25,-0.1,-0.2,0.0,0.0644,0,-0.1
2809720950,1189920923283066881,-0.25,-0.1,-0.2,0.0,-0.7599,0,-0.2
2809720950,1189585218853842944,-0.25,-0.1,-0.2,0.0,-0.6705,0,-0.2
207072407,1190592961228222464,-0.25,-0.1,-0.6,-0.2,-0.6908,0,-0.25
207072407,1190453300937797639,-0.25,-0.1,-0.6,-1.0,-0.5574,0,-0.5574
207072407,1190451808541585410,-0.25,-0.1,-0.6,-1.0,0.2023,0,-0.25
207072407,1190440132647763974,-0.25,-0.1,-0.6,-1.0,0.1531,0,-0.25
207072407,1190434935934529537,-0.25,-0.1,-0.6,-1.0,-0.7672,0,-0.6
207072407,1190404737671151616,-0.25,-0.1,-0.6,-0.8,-0.4939,0,-0.4939
207072407,1190404052514947072,-0.25,-0.1,-0.6,-0.8,0.4585,0,-0.25
207072407,1190385896253775872,-0.25,-0.1,-0.6,-0.6,-0.5719,0,-0.5719
207072407,1190385513909411840,-0.25,-0.1,-0.6,-0.6,-0.8126,0,-0.6
207072407,1190371384117080064,-0.25,-0.1,-0.6,-0.4,-0.7351,0,-0.4
34501876,1188776016417902592,-0.25,-0.1,-0.6,-0.2,-0.6597,0,-0.25
34501876,1186836245730791426,-0.25,-0.1,-0.6,-1.0,-0.7184,0,-0.6
34501876,1182501453237309441,-0.25,-0.1,-0.6,-1.0,-0.7184,0,-0.6
34501876,1182143423823929344,-0.25,-0.1,-0.6,-1.0,0.4588,0,-0.25
34501876,1182141459824287744,-0.25,-0.1,-0.6,-1.0,-0.6705,0,-0.6
183564376,1190037060637343744,-0.25,-0.1,-0.6,-0.6,-0.8591,0,-0.6
183564376,1189988889953492993,-0.25,-0.1,-0.6,-0.4,-0.8172,0,-0.4
183564376,1189881900627906561,-0.25,-0.1,-0.6,-0.2,-0.25,0,-0.25
183564376,1189881865580269569,-0.25,-0.1,-0.6,-0.2,-0.8356,0,-0.25
183564376,1188951651698270210,-0.25,-0.1,-0.6,-0.6,-0.7935,0,-0.6
183564376,1188449910582136833,-0.25,-0.1,-0.6,0.0,-0.5665,0,-0.25
183564376,1188249091043708929,-0.25,-0.1,-0.6,-0.8,-0.4404,0,-0.4404
183564376,1187670928672645121,-0.25,-0.1,-0.6,-0.4,-0.4019,0,-0.4
183564376,1187334718406221825,-0.25,-0.1,-0.6,-0.2,-0.34,0,-0.25
183564376,1186720980514811904,-0.25,-0.1,-0.6,-0.4,-0.3542,0,-0.3542
183564376,1186646350131318785,-0.25,-0.1,-0.6,0.0,0.7973,0,-0.1
183564376,1186599733936246785,-0.25,-0.1,-0.6,-0.2,-0.6908,0,-0.25
183564376,1186449056199053315,-0.25,-0.1,-0.6,-1.0,-0.3818,0,-0.3818
183564376,1186237618675171329,-0.25,-0.1,-0.6,-0.2,0.3999,0,-0.2
183564376,1186007193247715334,-0.25,-0.1,-0.6,-0.4,-0.5267,0,-0.4
183564376,1185707629374509061,-0.25,-0.1,-0.6,-0.8,-0.6486,0,-0.6
183564376,1185284000648224768,-0.25,-0.1,-0.6,-0.4,-0.5994,0,-0.4
183564376,1185195020971847680,-0.25,-0.1,-0.6,0.0,-0.5994,0,-0.25
183564376,1185027135456583683,-0.25,-0.1,-0.6,-1.0,-0.1697,0,-0.25
183564376,1184996152049131522,-0.25,-0.1,-0.6,-0.8,-0.912,0,-0.6
183564376,1184318346252210177,-0.25,-0.1,-0.6,-1.0,-0.6476,0,-0.6
183564376,1184273192602484736,-0.25,-0.1,-0.6,-1.0,0.8104,0,-0.25
183564376,1184272430656905217,-0.25,-0.1,-0.6,-0.8,-0.0387,0,-0.25
183564376,1184242359996948481,-0.25,-0.1,-0.6,-0.6,-0.8866,0,-0.6
183564376,1183936809962737666,-0.25,-0.1,-0.6,-1.0,-0.7954,0,-0.6
183564376,1183531152537194498,-0.25,-0.1,-0.6,-0.8,0.128,0,-0.25
183564376,1183179641252728835,-0.25,-0.1,-0.6,-0.8,-0.6996,0,-0.6
183564376,1182976655863812096,-0.25,-0.1,-0.6,-0.2,-0.7739,0,-0.25
183564376,1182253574446895104,-0.25,-0.1,-0.6,-0.2,-0.636,0,-0.25
183564376,1182084073579253762,-0.25,-0.1,-0.6,-0.8,0.7845,0,-0.25
183564376,1181188536533491712,-0.25,-0.1,-0.6,-0.2,0.2244,0,-0.2
183564376,1181145682620669952,-0.25,-0.1,-0.6,-0.4,-0.4003,0,-0.4
905133974,1190593597525184513,-0.25,-0.1,-0.6,-0.2,-0.8402,0,-0.25
905133974,1190591781647343616,-0.25,-0.1,-0.6,-0.2,-0.5574,0,-0.25
905133974,1190457313070592000,-0.25,-0.1,-0.6,-1.0,-0.5719,0,-0.5719
905133974,1190057733292204034,-0.25,-0.1,-0.6,-0.8,0.3359,0,-0.25
905133974,1190003360394559488,-0.25,-0.1,-0.6,-0.4,-0.6705,0,-0.4
905133974,1189614431958945793,-0.25,-0.1,-0.6,-0.2,-0.6597,0,-0.25
905133974,1189331482717896705,-0.25,-0.1,-0.6,-0.8,-0.8779,0,-0.6
905133974,1189265757215055874,-0.25,-0.1,-0.6,-0.4,-0.7269,0,-0.4
905133974,1188885751464976386,-0.25,-0.1,-0.6,-0.2,-0.4215,0,-0.25
905133974,1188676184336490500,-0.25,-0.1,-0.6,-1.0,0.2023,0,-0.25
873185135784587265,1186240551860834304,-0.25,-0.1,-0.6,-0.2,-0.6908,0,-0.25
873185135784587265,1185981239225810944,-0.25,-0.1,-0.6,-0.2,0.6028,0,-0.2
873185135784587265,1181511314885054465,-0.25,-0.1,-0.6,-0.4,-0.6597,0,-0.4
500727513,1187020558203904000,-0.25,-0.1,-0.6,0.0,-0.0731,0,-0.1
2942034275,1187645348333928448,-0.25,-0.1,-0.6,-0.6,-0.886,0,-0.6
2942034275,1166108264255369216,-0.25,-0.1,-0.2,-0.6,0.7959,1,-0.2
2942034275,1147598128108986376,-0.25,-0.1,-0.2,-0.4,-0.25,0,-0.25
1948670058,1190601994873892864,-0.25,-0.1,-0.6,-0.2,0.8376,0,-0.2
1948670058,1190575593210793984,-0.25,-0.1,-0.6,-0.4,-0.0516,0,-0.25
1948670058,1190548441165778944,-0.25,-0.1,-0.6,-0.6,-0.6705,0,-0.6
2857909487,1187884814902464513,-0.25,-0.1,-0.2,-0.8,-0.8271,0,-0.25
2857909487,1184264326825332736,-0.25,-0.1,-0.2,-0.8,-0.1779,3,-0.2
2857909487,1183888021248237569,-0.25,-0.1,-0.2,-0.8,-0.5267,0,-0.25
2857909487,1182475668346621953,-0.25,-0.1,-0.2,-1.0,-0.2846,4,-0.25
2857909487,1181325036059267072,-0.25,-0.1,-0.2,-0.6,-0.8343,7,-0.25
780416265924009984,1190277152241000448,-0.25,-0.1,-0.6,0.0,-0.8481,0,-0.25
780416265924009984,1190111098881630208,-0.25,-0.1,-0.6,-1.0,0.0644,0,-0.25
780416265924009984,1190065812629053441,-0.25,-0.1,-0.6,-0.8,0.7873,0,-0.25
780416265924009984,1188948441789022208,-0.25,-0.1,-0.6,-0.6,0.69,0,-0.25
780416265924009984,1188057558533234688,-0.25,-0.1,-0.6,-0.2,-0.8658,0,-0.25
780416265924009984,1187936764272480256,-0.25,-0.1,-0.6,-1.0,-0.6705,0,-0.6
780416265924009984,1187785824286445568,-0.25,-0.1,-0.6,-0.2,-0.25,0,-0.25
780416265924009984,1187302616570699776,-0.25,-0.1,-0.6,-0.4,-0.9029,0,-0.4
780416265924009984,1187287502517919744,-0.25,-0.1,-0.6,-0.6,-0.9001,0,-0.6
780416265924009984,1187287463536054272,-0.25,-0.1,-0.6,-0.6,-0.6705,0,-0.6
780416265924009984,1187211989292142593,-0.25,-0.1,-0.6,-1.0,0.5994,0,-0.25
954747551244107777,1190575640799350785,-0.25,-0.1,-0.6,-0.4,0.6239,0,-0.25
954747551244107777,1190516060765556736,-0.25,-0.1,-0.6,-0.8,0.6249,0,-0.25
27569037,1190602266803261441,-0.25,-0.1,-0.6,-0.2,-0.8442,0,-0.25
27569037,1190131431298588672,-0.25,-0.1,-0.6,-0.8,-0.6167,0,-0.6
27569037,1189890203072122880,-0.25,-0.1,-0.6,0.0,-0.8883,0,-0.25
27569037,1189889191674466304,-0.25,-0.1,-0.6,-0.2,-0.6369,0,-0.25
27569037,1189767051654516736,-0.25,-0.1,-0.6,-1.0,-0.7964,0,-0.6
27569037,1189758335869808642,-0.25,-0.1,-0.6,-1.0,-0.9186,0,-0.6
27569037,1189756398176915457,-0.25,-0.1,-0.6,-1.0,-0.6369,0,-0.6
27569037,1189750607424319489,-0.25,-0.1,-0.6,-1.0,-0.872,0,-0.6
716032003578134529,1190594304097607682,-0.25,-0.1,-0.6,-0.2,-0.6705,0,-0.25
716032003578134529,1187793839790182400,-0.25,-0.1,-0.6,-0.2,-0.6705,0,-0.25
716032003578134529,1181664130379534338,-0.25,-0.1,-0.6,-0.4,-0.6808,0,-0.4
716032003578134529,1170557507586183168,-0.25,-0.1,-0.6,-1.0,0.8788,0,-0.25
276980994,1190594304001093632,-0.25,-0.1,-0.2,-0.2,-0.6705,2,-0.2
276980994,1190297932962119680,-0.25,-0.1,-0.6,0.0,-0.9118,0,-0.25
276980994,1190205156245282817,-0.25,-0.1,-0.6,-0.4,0.0772,0,-0.25
27361852,1169050300105334784,-0.25,-0.1,-0.6,-0.8,0.1027,0,-0.25
27361852,1160626594492420096,-0.25,-0.1,-0.6,-0.2,-0.5267,0,-0.25
27361852,1160385799562637313,-0.25,-0.1,-0.2,-1.0,-0.9022,2,-0.25
27361852,1160359852922888193,-0.25,-0.1,-0.6,-1.0,-0.5267,0,-0.5267
27361852,1158700846709989376,-0.25,-0.1,-0.6,-0.2,-0.8735,0,-0.25
27361852,1158212077938499586,-0.25,-0.1,-0.6,-1.0,-0.8885,0,-0.6
108901981,1190524224194129920,-0.25,-0.1,-0.6,-0.6,-0.4215,0,-0.4215
108901981,1190371171721715712,-0.25,-0.1,-0.6,-0.4,-0.5994,0,-0.4
108901981,1190364603873681409,-0.25,-0.1,-0.6,-0.4,-0.9525,0,-0.4
108901981,1189800904167493632,-0.25,-0.1,-0.6,-0.6,-0.8225,0,-0.6
108901981,1189774299521060864,-0.25,-0.1,-0.6,-0.8,-0.7003,0,-0.6
108901981,1189481961078902784,-0.25,-0.1,-0.6,-0.4,-0.6908,0,-0.4
108901981,1188852357020422145,-0.25,-0.1,-0.6,0.0,0.6152,0,-0.1
108901981,1188754906322296832,-0.25,-0.1,-0.6,-0.4,-0.8807,0,-0.4
108901981,1188400720527183872,-0.25,-0.1,-0.6,-0.4,-0.7351,0,-0.4
108901981,1187983064682684418,-0.25,-0.1,-0.6,-0.8,-0.8689,0,-0.6
108901981,1186291703134732289,-0.25,-0.1,-0.6,0.0,-0.3291,0,-0.25
108901981,1186291120566865921,-0.25,-0.1,-0.6,0.0,-0.6705,0,-0.25
108901981,1186257254854598657,-0.25,-0.1,-0.6,-0.2,-0.7269,0,-0.25
108901981,1185998209925242882,-0.25,-0.1,-0.2,-0.4,-0.5719,0,-0.25
108901981,1185900123177607169,-0.25,-0.1,-0.6,-0.2,-0.6908,0,-0.25
108901981,1184913131535060992,-0.25,-0.1,-0.6,-0.4,-0.8126,0,-0.4
108901981,1184851326653607936,-0.25,-0.1,-0.6,0.0,-0.5994,0,-0.25
108901981,1184179112719593472,-0.25,-0.1,-0.6,-0.2,-0.8903,0,-0.25
108901981,1184127717555523585,-0.25,-0.1,-0.6,0.0,-0.7964,0,-0.25
108901981,1183841121610452992,-0.25,-0.1,-0.6,-0.4,-0.836,0,-0.4
199708197,1188484833128960002,-0.25,-0.1,-0.2,0.0,-0.6705,0,-0.2
199708197,1177962987946205185,-0.25,-0.1,-0.2,0.0,-0.4501,0,-0.2
199708197,1177370065634824198,-0.25,-0.1,-0.6,-0.8,-0.0772,0,-0.25
199708197,1176082145384849409,-0.25,-0.1,-0.6,-0.4,0.1779,0,-0.25
199708197,1174860489261797377,-0.25,-0.1,-0.6,-1.0,-0.5945,0,-0.5945
199708197,1173067511434285057,-0.25,-0.1,-0.6,-1.0,-0.765,0,-0.6
199708197,1169695889306337280,-0.25,-0.1,-0.6,-0.4,-0.4594,0,-0.4
199708197,1166301848896249857,-0.25,-0.1,-0.6,-0.4,-0.802,0,-0.4
199708197,1159246227122413569,-0.25,-0.1,-0.6,-0.8,-0.8402,0,-0.6
199708197,1158350584803667968,-0.25,-0.1,-0.2,-0.2,-0.1645,2,-0.2
199708197,1148185220207845376,-0.25,-0.1,-0.6,-0.2,-0.6124,0,-0.25
199708197,1135158447450841088,-0.25,-0.1,-0.2,-0.2,-0.0258,0,-0.2
199708197,1134588897978212355,-0.25,-0.1,-0.6,-0.6,-0.7579,0,-0.6
855993551238254593,1183307092653793280,-0.25,-0.1,-0.6,-0.4,-0.6908,0,-0.4
855993551238254593,1182247889986187264,-0.25,-0.1,-0.6,-0.4,-0.0516,0,-0.25
855993551238254593,1180749260569989121,-0.25,-0.1,-0.2,-0.6,0.7527,15,-0.2
855993551238254593,1173229404975067137,-0.25,-0.1,-0.6,0.0,-0.7841,0,-0.25
855993551238254593,1172689367069904896,-0.25,-0.1,-0.6,-1.0,-0.5719,0,-0.5719
855993551238254593,1172026321423097857,-0.25,-0.1,-0.6,-0.8,-0.6249,0,-0.6
855993551238254593,1172013041157697536,-0.25,-0.1,-0.6,-0.8,-0.8225,0,-0.6
855993551238254593,1171209824710709248,-0.25,-0.1,-0.6,-0.8,-0.9217,0,-0.6
855993551238254593,1171209561966952449,-0.25,-0.1,-0.6,-0.8,-0.8807,0,-0.6
855993551238254593,1163672735131656193,-0.25,-0.1,-0.6,-1.0,-0.8038,0,-0.6
855993551238254593,1161891205845676032,-0.25,-0.1,-0.6,-0.8,-0.5994,0,-0.5994
855993551238254593,1161564322176237570,-0.25,-0.1,-0.6,-0.4,-0.5859,0,-0.4
855993551238254593,1157968496686276608,-0.25,-0.1,-0.6,-0.4,-0.9201,0,-0.4
855993551238254593,1157966479821692928,-0.25,-0.1,-0.6,-0.4,-0.867,0,-0.4
855993551238254593,1155755092252872704,-0.25,-0.1,-0.6,-0.6,0.6806,0,-0.25
855993551238254593,1150691743211220997,-0.25,-0.1,-0.6,-0.4,-0.8126,0,-0.4
855993551238254593,1150312040377937922,-0.25,-0.1,-0.6,-0.6,-0.1901,0,-0.25
1624129226,1190594312666435585,-0.25,-0.1,-0.6,-0.2,-0.5994,0,-0.25
1624129226,1190580921998557184,-0.25,-0.1,-0.6,-0.4,-0.296,0,-0.296
1624129226,1190511600865697792,-0.25,-0.1,-0.6,-0.8,-0.683,0,-0.6
1624129226,1190258275213664256,-0.25,-0.1,-0.6,0.0,-0.347,0,-0.25
1624129226,1189957908487983104,-0.25,-0.1,-0.6,-0.2,0.128,0,-0.2
1624129226,1189892402795802627,-0.25,-0.1,-0.6,0.0,-0.5719,0,-0.25
1624129226,1189487001243811840,-0.25,-0.1,-0.6,-0.4,-0.836,0,-0.4
1624129226,1189440885588545536,-0.25,-0.1,-0.6,-0.6,0.4708,0,-0.25
1624129226,1189430274674683905,-0.25,-0.1,-0.6,-0.8,-0.4939,0,-0.4939
3020313075,1190594311714414593,-0.25,-0.1,-0.6,-0.2,-0.0772,0,-0.2
3020313075,1177711161191665667,-0.25,-0.1,-0.6,-0.6,-0.34,0,-0.34
3020313075,1176877256213434368,-0.25,-0.1,-0.6,0.0,-0.5106,0,-0.25
3020313075,1160737631036170240,-0.25,-0.1,-0.6,-1.0,0.8444,0,-0.25
470468291,1190568021770809344,-0.25,-0.1,-0.6,-0.4,-0.6408,0,-0.4
470468291,1190538899061399552,-0.25,-0.1,-0.6,-0.6,-0.5859,0,-0.5859
470468291,1190538124587393024,-0.25,-0.1,-0.6,-0.6,-0.34,0,-0.34
470468291,1190384565166256132,-0.25,-0.1,-0.6,-0.6,-0.9136,0,-0.6
470468291,1190384278812659712,-0.25,-0.1,-0.6,-0.6,0.9273,0,-0.25
470468291,1190382703243386880,-0.25,-0.1,-0.6,-0.6,-0.7717,0,-0.6
470468291,1190379234985943040,-0.25,-0.1,-0.6,-0.6,-0.6249,0,-0.6
470468291,1190378753588944896,-0.25,-0.1,-0.6,-0.6,-0.8316,0,-0.6
47997566,1190594303237775365,-0.25,-0.1,-0.6,-0.2,-0.9584,0,-0.25
1039505984626909185,1119970804861521920,-0.25,-0.1,-0.2,0.0,-0.4404,0,-0.2
1039505984626909185,1086059752059068416,-0.25,-0.1,-0.2,-0.8,-0.8316,0,-0.25
1039505984626909185,1072593026751623174,-0.25,-0.1,-0.2,-0.4,0.25,0,-0.2
1130870080148070402,1190593723756879872,-0.25,-0.1,-0.6,-0.2,0.0,0,-0.2
1130870080148070402,1189613766490705922,-0.25,-0.1,-0.6,-0.2,0.128,0,-0.2
1130870080148070402,1186965386874576896,-0.25,-0.1,-0.6,-0.2,-0.7435,0,-0.25
1130870080148070402,1186327925215375360,-0.25,-0.1,-0.6,-0.2,-0.7184,0,-0.25
1130870080148070402,1185251212360404992,-0.25,-0.1,-0.6,-0.2,-0.7003,0,-0.25
1130870080148070402,1185220748786438144,-0.25,-0.1,-0.6,0.0,-0.0418,0,-0.1
1130870080148070402,1185220551884922880,-0.25,-0.1,-0.6,0.0,-0.7506,0,-0.25
1130870080148070402,1185191228205387776,-0.25,-0.1,-0.6,0.0,-0.296,0,-0.25
1130870080148070402,1185190456214392833,-0.25,-0.1,-0.6,0.0,-0.5719,0,-0.25
1130870080148070402,1185190250928320513,-0.25,-0.1,-0.6,0.0,-0.6369,0,-0.25
1130870080148070402,1184181517620305920,-0.25,-0.1,-0.6,-0.2,-0.0772,0,-0.2
1130870080148070402,1184112935087624192,-0.25,-0.1,-0.6,0.0,-0.5574,0,-0.25
1130870080148070402,1182990848247717894,-0.25,-0.1,-0.6,-0.2,-0.6124,0,-0.25
1130870080148070402,1181467705368612864,-0.25,-0.1,-0.6,-0.6,-0.6908,0,-0.6
1130870080148070402,1181467427173027841,-0.25,-0.1,-0.6,-0.6,0.4201,0,-0.25
1130870080148070402,1180872131866959872,-0.25,-0.1,-0.6,0.0,0.128,0,-0.1
1130870080148070402,1180774156264181760,-0.25,-0.1,-0.6,-0.4,-0.1779,0,-0.25
1130870080148070402,1180539755706163201,-0.25,-0.1,-0.6,-0.2,-0.8777,0,-0.25
560176077,1190595672203919360,-0.25,-0.1,-0.2,-0.2,0.8834,3,-0.2
560176077,1190232964476456960,-0.25,-0.1,-0.6,-0.2,-0.9463,0,-0.25
560176077,1189739300272795648,-0.25,-0.1,-0.6,-1.0,-0.7579,0,-0.6
749439894,1190580599645454338,-0.25,-0.1,-0.6,-0.4,-0.6808,0,-0.4
749439894,1190567477463461888,-0.25,-0.1,-0.6,-0.4,-0.7096,0,-0.4
749439894,1190567162873884672,-0.25,-0.1,-0.6,-0.4,-0.6705,0,-0.4
749439894,1190565776106905600,-0.25,-0.1,-0.6,-0.4,-0.8545,0,-0.4
749439894,1189849845772771330,-0.25,-0.1,-0.6,-0.4,-0.4472,0,-0.4
1047950239267733509,1189113816543576064,-0.25,-0.1,-0.6,-0.4,-0.8074,0,-0.4
1047950239267733509,1184851887016857601,-0.25,-0.1,-0.6,0.0,-0.8481,0,-0.25
1047950239267733509,1181246365642477568,-0.25,-0.1,-0.2,0.0,0.2484,5,-0.1
1047950239267733509,1179036732601159682,-0.25,-0.1,-0.2,0.0,-0.2502,3,-0.2
1047950239267733509,1177223891908988928,-0.25,-0.1,-0.2,0.0,0.743,17,-0.1
1047950239267733509,1177219311380905984,-0.25,-0.1,-0.2,0.0,-0.0772,5,-0.1
1047950239267733509,1177136774965059585,-0.25,-0.1,-0.6,-0.6,-0.2263,0,-0.25
1047950239267733509,1174699037053861891,-0.25,-0.1,-0.6,0.0,0.4767,0,-0.1
1047950239267733509,1172516592481181697,-0.25,-0.1,-0.6,0.0,0.0,0,-0.1
1047950239267733509,1172443969038340098,-0.25,-0.1,-0.6,-0.4,-0.1027,0,-0.25
1047950239267733509,1170007689126133761,-0.25,-0.1,-0.6,0.0,-0.1779,0,-0.1779
1047950239267733509,1153997960792956929,-0.25,-0.1,-0.6,-0.2,0.9291,0,-0.2
1047950239267733509,1140704085873741824,-0.25,-0.1,-0.6,-0.4,-0.296,0,-0.296
1047950239267733509,1135445078070243333,-0.25,-0.1,-0.6,-0.6,-0.6996,0,-0.6
1047950239267733509,1117893430921666561,-0.25,-0.1,-0.6,-0.4,-0.7579,0,-0.4
1047950239267733509,1110896321756622848,-0.25,-0.1,-0.2,0.0,0.7506,6,-0.1
1047950239267733509,1095740897965281281,-0.25,-0.1,-0.2,-0.2,0.4927,1,-0.2
1047950239267733509,1090598227278286848,-0.25,-0.1,-0.2,0.0,-0.6369,3,-0.2
1047950239267733509,1084802451167952896,-0.25,-0.1,-0.2,0.0,0.7845,3,-0.1
1047950239267733509,1073222251040923648,-0.25,-0.1,-0.2,0.0,0.7425,3,-0.1
1047950239267733509,1067048028996026371,-0.25,-0.1,-0.2,0.0,0.807,14,-0.1
19611797,1190594306744164352,-0.25,-0.1,-0.2,-0.2,-0.5464,1,-0.2
19611797,1190593549265453056,-0.25,-0.1,-0.2,-0.2,0.3182,2,-0.2
19611797,1190593027468865536,-0.25,-0.1,-0.2,-0.2,-0.4588,7,-0.2
19611797,1190592743950696448,-0.25,-0.1,-0.2,-0.2,-0.4939,3,-0.2
19611797,1190213608380272640,-0.25,-0.1,-0.2,-0.4,-0.7579,3,-0.25
19611797,1190202216122109953,-0.25,-0.1,-0.2,-0.4,0.7506,7,-0.2
19611797,1188776440290000896,-0.25,-0.1,-0.2,-0.2,-0.0129,1,-0.2
19611797,1188773710674554880,-0.25,-0.1,-0.6,-0.2,-0.9186,0,-0.25
19611797,1188175843203391488,-0.25,-0.1,-0.6,-0.4,0.4854,0,-0.25
19611797,1187668756010549248,-0.25,-0.1,-0.2,-0.4,-0.5719,6,-0.25
19611797,1187613851589591041,-0.25,-0.1,-0.2,-0.8,-0.807,6,-0.25
19611797,1186590076815527936,-0.25,-0.1,-0.2,-0.4,-0.8316,67,-0.25
19611797,1186015414033305602,-0.25,-0.1,-0.6,-0.4,0.0,0,-0.25
19611797,1185598095977005057,-0.25,-0.1,-0.6,0.0,-0.8126,0,-0.25
19611797,1184769321563754497,-0.25,-0.1,-0.2,-0.4,-0.7407,6,-0.25
19611797,1183995901767049216,-0.25,-0.1,-0.6,-0.8,-0.0772,0,-0.25
28783824,1185874130308157442,-0.25,-0.1,-0.6,-0.2,-0.5719,0,-0.25
28783824,1184910552054808576,-0.25,-0.1,-0.6,-0.4,-0.6705,0,-0.4
28783824,1182048022299074561,-0.25,-0.1,-0.6,-0.6,-0.7579,0,-0.6
28783824,1181624777657737216,-0.25,-0.1,-0.6,-0.2,0.128,0,-0.2
28783824,1179483038775943168,-0.25,-0.1,-0.6,-0.4,-0.5574,0,-0.4
28783824,1177587925292376066,-0.25,-0.1,-0.6,0.0,-0.5719,0,-0.25
28783824,1177520401703944192,-0.25,-0.1,-0.6,-0.4,0.1531,0,-0.25
28783824,1177157823039528960,-0.25,-0.1,-0.6,-0.4,-0.5719,0,-0.4
28783824,1176404867084103685,-0.25,-0.1,-0.6,-0.6,-0.6115,0,-0.6
928936210571169794,1190554162360180738,-0.25,-0.1,-0.6,-0.4,-0.6939,0,-0.4
928936210571169794,1190213416595709952,-0.25,-0.1,-0.6,-0.4,-0.714,0,-0.4
928936210571169794,1189921298211848192,-0.25,-0.1,-0.6,0.0,-0.2732,0,-0.25
928936210571169794,1189864981581516800,-0.25,-0.1,-0.6,-0.2,-0.8316,0,-0.25
928936210571169794,1189853378135969792,-0.25,-0.1,-0.6,-0.4,-0.5719,0,-0.4
928936210571169794,1189852489459343362,-0.25,-0.1,-0.6,-0.4,-0.5994,0,-0.4
1079908371178889217,1180407970783469570,-0.25,-0.1,-0.2,-0.4,0.238,1,-0.2
1079908371178889217,1176020658012270592,-0.25,-0.1,-0.2,-0.8,0.6597,1,-0.2
524578825,1190210079494160384,-0.25,-0.1,-0.6,-0.4,-0.7964,0,-0.4
524578825,1189875556378173441,-0.25,-0.1,-0.6,-0.2,-0.8519,0,-0.25
524578825,1189662498414374913,-0.25,-0.1,-0.2,-0.6,-0.6115,0,-0.25
524578825,1188766566814572544,-0.25,-0.1,-0.6,-0.4,-0.9118,0,-0.4
524578825,1188717781820362752,-0.25,-0.1,-0.6,-0.6,-0.6705,0,-0.6
524578825,1188555340767551489,-0.25,-0.1,-0.6,-0.4,-0.8074,0,-0.4
524578825,1188519969581142017,-0.25,-0.1,-0.2,-0.2,-0.6096,1,-0.2
524578825,1188459159861317632,-0.25,-0.1,-0.6,0.0,-0.128,0,-0.128
524578825,1188458546075226112,-0.25,-0.1,-0.6,0.0,-0.7351,0,-0.25
524578825,1188275031585021952,-0.25,-0.1,-0.6,-1.0,-0.6705,0,-0.6
524578825,1188265929517535232,-0.25,-0.1,-0.6,-1.0,-0.6486,0,-0.6
911931658571567109,1190257381655171074,-0.25,-0.1,-0.6,0.0,-0.9525,0,-0.25
911931658571567109,1189931235214319617,-0.25,-0.1,-0.6,0.0,0.0129,0,-0.1
911931658571567109,1189881765151825922,-0.25,-0.1,-0.6,-0.2,-0.5574,0,-0.25
911931658571567109,1189806636518576128,-0.25,-0.1,-0.6,-0.6,-0.2732,0,-0.2732
911931658571567109,1187096435600306176,-0.25,-0.1,-0.6,-0.4,-0.7435,0,-0.4
911931658571567109,1186372404009984000,-0.25,-0.1,-0.6,-0.4,-0.5423,0,-0.4
911931658571567109,1185582927993868288,-0.25,-0.1,-0.6,0.0,0.34,0,-0.1
911931658571567109,1184153355649720320,-0.25,-0.1,-0.6,-0.2,-0.6249,0,-0.25
911931658571567109,1184111193792942082,-0.25,-0.1,-0.6,0.0,-0.0772,0,-0.1
911931658571567109,1182546937188364294,-0.25,-0.1,-0.6,-0.8,-0.6908,0,-0.6
911931658571567109,1182198077970636803,-0.25,-0.1,-0.6,-0.6,-0.8313,0,-0.6
911931658571567109,1181998139118690306,-0.25,-0.1,-0.6,-0.2,0.4019,0,-0.2
749537268,1189287748089327616,-0.25,-0.1,-0.6,-0.6,-0.128,0,-0.25
749537268,1188922002377232384,-0.25,-0.1,-0.2,-0.4,0.4767,0,-0.2
749537268,1187787869181665281,-0.25,-0.1,-0.2,-0.2,-0.7096,0,-0.2
749537268,1185991000516452354,-0.25,-0.1,-0.2,-0.2,0.2263,1,-0.2
749537268,1184781668919459845,-0.25,-0.1,-0.6,-0.4,0.601,0,-0.25
806797663349813248,1190594388256124937,-0.25,-0.1,-0.6,-0.2,-0.8176,0,-0.25
806797663349813248,1187713361019957248,-0.25,-0.1,-0.2,-0.2,0.1082,0,-0.2
806797663349813248,1187137341262983168,-0.25,-0.1,-0.2,-0.6,-0.67,0,-0.25
806797663349813248,1186885648331898880,-0.25,-0.1,-0.6,-0.8,-0.2263,0,-0.25
806797663349813248,1186256788200361990,-0.25,-0.1,-0.6,-0.2,-0.5994,0,-0.25
806797663349813248,1184585449857343488,-0.25,-0.1,-0.6,-0.6,-0.6124,0,-0.6
304545164,1190594535484772352,-0.25,-0.1,-0.6,-0.2,-0.5994,0,-0.25
304545164,1190594386649845761,-0.25,-0.1,-0.2,-0.2,0.0,0,-0.2
304545164,1189629996819800064,-0.25,-0.1,-0.6,-0.4,-0.6486,0,-0.4
304545164,1184178222033973248,-0.25,-0.1,-0.6,-0.2,-0.296,0,-0.25
304545164,1184158600786272256,-0.25,-0.1,-0.6,-0.2,-0.7906,0,-0.25
304545164,1179316050774708225,-0.25,-0.1,-0.6,-0.6,-0.5118,0,-0.5118
402218150,1188176789451018240,-0.25,-0.1,-0.6,-0.4,-0.8439,0,-0.4
402218150,1181994843154849793,-0.25,-0.1,-0.6,-0.2,-0.8807,0,-0.25
402218150,1179653585967222786,-0.25,-0.1,-0.6,-0.6,-0.9063,0,-0.6
402218150,1179652475323867136,-0.25,-0.1,-0.6,-0.6,-0.504,0,-0.504
402218150,1178035925466656769,-0.25,-0.1,-0.2,-0.4,-0.0274,0,-0.2
402218150,1177593426935767040,-0.25,-0.1,-0.6,0.0,-0.6369,0,-0.25
402218150,1177163098022731776,-0.25,-0.1,-0.6,-0.4,0.128,0,-0.25
402218150,1176713271367405568,-0.25,-0.1,-0.6,-1.0,-0.802,0,-0.6
27005579,1187294066884653056,-0.25,-0.1,-0.6,-0.4,-0.872,0,-0.4
27005579,1187250988207480832,-0.25,-0.1,-0.6,-0.8,-0.8176,0,-0.6
27005579,1182569466741301248,-0.25,-0.1,-0.6,-0.6,-0.7177,0,-0.6
27005579,1180954861803900933,-0.25,-0.1,-0.6,-0.6,0.0938,0,-0.25
27005579,1179140760958115851,-0.25,-0.1,-0.6,-0.6,0.2732,0,-0.25
27005579,1177654703003451393,-0.25,-0.1,-0.6,-0.2,-0.7964,0,-0.25
27005579,1177168955603083265,-0.25,-0.1,-0.6,-0.4,-0.9393,0,-0.4
27005579,1177108673233133568,-0.25,-0.1,-0.6,-0.8,-0.9067,0,-0.6
27005579,1175847546020933633,-0.25,-0.1,-0.6,-0.4,0.0387,0,-0.25
27005579,1175288496493404161,-0.25,-0.1,-0.6,-0.8,-0.8934,0,-0.6
27005579,1174837762534641665,-0.25,-0.1,-0.6,-0.8,-0.7506,0,-0.6
27005579,1174508750570479617,-0.25,-0.1,-0.6,-1.0,-0.6705,0,-0.6
27005579,1174173137707122688,-0.25,-0.1,-0.6,-1.0,-0.6705,0,-0.6
889680273117519880,1187284814602342400,-0.25,-0.1,-0.6,-0.6,-0.2732,0,-0.2732
1032357857482735616,1190595612657508354,-0.25,-0.1,-0.6,-0.2,-0.1007,0,-0.2
1032357857482735616,1190569706312339456,-0.25,-0.1,-0.6,-0.4,-0.785,0,-0.4
1032357857482735616,1190568869196451840,-0.25,-0.1,-0.6,-0.4,0.128,0,-0.25
1032357857482735616,1190567475630542850,-0.25,-0.1,-0.6,-0.4,-0.6908,0,-0.4
1032357857482735616,1190565872970194945,-0.25,-0.1,-0.6,-0.4,-0.5574,0,-0.4
1032357857482735616,1190327941852487680,-0.25,-0.1,-0.6,-0.2,-0.0258,0,-0.2
1032357857482735616,1190280063389974528,-0.25,-0.1,-0.6,0.0,-0.3947,0,-0.25
870459046196789249,1189670227434278912,-0.25,-0.1,-0.6,-0.6,-0.6705,0,-0.6
870459046196789249,1188556524798431233,-0.25,-0.1,-0.2,-0.4,-0.2263,1,-0.2263
870459046196789249,1188542752025276416,-0.25,-0.1,-0.6,-0.4,-0.9371,0,-0.4
870459046196789249,1188541975412133888,-0.25,-0.1,-0.6,-0.4,-0.8979,0,-0.4
870459046196789249,1188495627031928837,-0.25,-0.1,-0.6,0.0,-0.1531,0,-0.1531
870459046196789249,1188494560697245696,-0.25,-0.1,-0.6,0.0,-0.5232,0,-0.25
890786533,1190492498591961088,-0.25,-0.1,-0.2,-1.0,-0.5994,201,-0.25
890786533,1190225475278450691,-0.25,-0.1,-0.6,-0.2,-0.6705,0,-0.25
890786533,1190181293172166656,-0.25,-0.1,-0.6,-0.6,-0.5106,0,-0.5106
890786533,1189992050953015298,-0.25,-0.1,-0.6,-0.4,0.4585,0,-0.25
3340964135,1190238073763840000,-0.25,-0.1,-0.6,-0.2,0.4588,0,-0.2
3340964135,1189566393966125056,-0.25,-0.1,-0.6,0.0,0.25,0,-0.1
3340964135,1189124456335237121,-0.25,-0.1,-0.6,-0.4,0.2846,0,-0.25
907145627481645056,1190587449124294658,-0.25,-0.1,-0.6,-0.2,0.7184,0,-0.2
907145627481645056,1189415974648324097,-0.25,-0.1,-0.6,-0.8,0.4708,0,-0.25
2256762803,1190249263068045313,-0.25,-0.1,-0.6,-0.2,-0.3818,0,-0.25
2256762803,1190088970182578177,-0.25,-0.1,-0.6,-1.0,-0.25,0,-0.25
2256762803,1189943619362459648,-0.25,-0.1,-0.6,0.0,-0.4151,0,-0.25
2256762803,1189938622033747968,-0.25,-0.1,-0.6,0.0,-0.25,0,-0.25
2256762803,1189216990034087937,-0.25,-0.1,-0.6,0.0,-0.93,0,-0.25
802649176299466752,1190270226581073921,-0.25,-0.1,-0.6,0.0,-0.8442,0,-0.25
802649176299466752,1189547043502592000,-0.25,-0.1,-0.6,0.0,-0.2023,0,-0.2023
802649176299466752,1189313913600593920,-0.25,-0.1,-0.2,-0.6,-0.8217,10,-0.25
302693926,1182399284274257930,-0.25,-0.1,-0.2,-0.4,-0.6705,0,-0.25
302693926,1182347496623939586,-0.25,-0.1,-0.2,-0.2,-0.5994,3,-0.2
302693926,1179790313205972992,-0.25,-0.1,-0.2,0.0,-0.7834,0,-0.2
302693926,1176951112928305163,-0.25,-0.1,-0.2,-0.4,-0.0609,3,-0.2
302693926,1176947950754369537,-0.25,-0.1,-0.2,-0.4,-0.9758,0,-0.25
3311447791,1190594350448668672,-0.25,-0.1,-0.2,-0.2,0.0,1,-0.2
3311447791,1183686414480756736,-0.25,-0.1,-0.6,-0.4,-0.9062,0,-0.4
757652447242416128,1187081138378031104,-0.25,-0.1,-0.6,-0.2,0.2263,0,-0.2
757652447242416128,1185657125227376641,-0.25,-0.1,-0.6,-0.4,-0.465,0,-0.4
757652447242416128,1185238474900852736,-0.25,-0.1,-0.6,0.0,-0.3291,0,-0.25
757652447242416128,1183877071052902400,-0.25,-0.1,-0.6,-0.6,-0.25,0,-0.25
757652447242416128,1183734181488144390,-0.25,-0.1,-0.6,0.0,-0.3595,0,-0.25
1084632780774944768,1190505732199682050,-0.25,-0.1,-0.6,-0.8,-0.8545,0,-0.6
1084632780774944768,1190505197421809665,-0.25,-0.1,-0.6,-0.8,-0.6953,0,-0.6
1084632780774944768,1190482123506868224,-0.25,-0.1,-0.2,-1.0,0.8625,0,-0.2
1084632780774944768,1190466398583058432,-0.25,-0.1,-0.6,-1.0,-0.8271,0,-0.6
1084632780774944768,1190346647047245824,-0.25,-0.1,-0.6,-0.4,-0.6167,0,-0.4
1084632780774944768,1189819462419017728,-0.25,-0.1,-0.2,-0.6,-0.5719,1,-0.25
1084632780774944768,1189622010210443264,-0.25,-0.1,-0.6,-0.4,-0.9042,0,-0.4
1084632780774944768,1189515598318862336,-0.25,-0.1,-0.2,-0.2,-0.4215,0,-0.2
1084632780774944768,1189297801861177345,-0.25,-0.1,-0.6,-0.6,-0.5983,0,-0.5983
1084632780774944768,1189266065026703360,-0.25,-0.1,-0.6,-0.4,-0.8555,0,-0.4
877744649116327936,1190594279422353408,-0.25,-0.1,-0.6,-0.2,-0.8638,0,-0.25
877744649116327936,1190593918481518593,-0.25,-0.1,-0.6,-0.2,-0.6908,0,-0.25
877744649116327936,1190586036708986880,-0.25,-0.1,-0.6,-0.2,-0.683,0,-0.25
877744649116327936,1190580877601820672,-0.25,-0.1,-0.6,-0.4,-0.296,0,-0.296
877744649116327936,1190580649301667840,-0.25,-0.1,-0.6,-0.4,0.0,0,-0.25
877744649116327936,1190506646503444480,-0.25,-0.1,-0.6,-0.8,-0.5719,0,-0.5719
877744649116327936,1190470946756251649,-0.25,-0.1,-0.6,-1.0,-0.2023,0,-0.25
877744649116327936,1190219994577031168,-0.25,-0.1,-0.6,-0.4,-0.5719,0,-0.4
877744649116327936,1190192834701193221,-0.25,-0.1,-0.6,-0.4,0.6487,0,-0.25
877744649116327936,1190141073248514049,-0.25,-0.1,-0.6,-0.8,-0.5719,0,-0.5719
877744649116327936,1190141020362534912,-0.25,-0.1,-0.6,-0.8,-0.032,0,-0.25
467102223,1189529754329911301,-0.25,-0.1,-0.6,0.0,0.4847,0,-0.1
467102223,1188949146885074944,-0.25,-0.1,-0.6,-0.6,-0.5574,0,-0.5574
467102223,1188852659442327553,-0.25,-0.1,-0.6,0.0,-0.876,0,-0.25
467102223,1188551546969251846,-0.25,-0.1,-0.6,-0.4,-0.5574,0,-0.4
467102223,1188451633417592832,-0.25,-0.1,-0.6,0.0,-0.4067,0,-0.25
467102223,1188451092339798021,-0.25,-0.1,-0.6,0.0,-0.3818,0,-0.25
467102223,1187708504682958850,-0.25,-0.1,-0.6,-0.2,-0.6705,0,-0.25
467102223,1187700352470134784,-0.25,-0.1,-0.6,-0.2,-0.5994,0,-0.25
467102223,1186717596013486081,-0.25,-0.1,-0.6,-0.2,-0.8779,0,-0.25
467102223,1186686407265456135,-0.25,-0.1,-0.6,0.0,-0.9371,0,-0.25
467102223,1186463173651697664,-0.25,-0.1,-0.6,-1.0,-0.4019,0,-0.4019
467102223,1186112120984875008,-0.25,-0.1,-0.6,-1.0,-0.6705,0,-0.6
467102223,1185295067117961216,-0.25,-0.1,-0.6,-0.4,-0.8126,0,-0.4
467102223,1184993756631785472,-0.25,-0.1,-0.6,-0.8,-0.8979,0,-0.6
467102223,1184774088063148032,-0.25,-0.1,-0.6,-0.4,-0.5574,0,-0.4
467102223,1184604042305126400,-0.25,-0.1,-0.2,-0.6,-0.6597,0,-0.25
467102223,1184468423830626304,-0.25,-0.1,-0.6,0.0,-0.5423,0,-0.25
599987108,1189910429826527232,-0.25,-0.1,-0.6,0.0,-0.6705,0,-0.25
599987108,1189483697315221504,-0.25,-0.1,-0.2,-0.4,-0.5994,0,-0.25
599987108,1189452005728833536,-0.25,-0.1,-0.6,-0.6,0.3182,0,-0.25
968165515,1190607535243497474,-0.25,-0.1,-0.6,-0.2,-0.9287,0,-0.25
968165515,1190593327307132928,-0.25,-0.1,-0.6,-0.2,-0.5994,0,-0.25
968165515,1190592608978046977,-0.25,-0.1,-0.6,-0.2,0.0,0,-0.2
968165515,1190592020206764032,-0.25,-0.1,-0.6,-0.2,-0.5994,0,-0.25
968165515,1190591688131203073,-0.25,-0.1,-0.6,-0.2,-0.8779,0,-0.25
968165515,1190354416047661056,-0.25,-0.1,-0.6,-0.4,-0.5994,0,-0.4
22864049,1188775981521276928,-0.25,-0.1,-0.6,-0.2,-0.7845,0,-0.25
22864049,1188627131158487042,-0.25,-0.1,-0.6,-1.0,-0.4767,0,-0.4767
22864049,1187824594360684544,-0.25,-0.1,-0.6,-0.4,-0.6705,0,-0.4
22864049,1187559409108639744,-0.25,-0.1,-0.6,-1.0,-0.3612,0,-0.3612
22864049,1186989489589309441,-0.25,-0.1,-0.6,-0.2,-0.7777,0,-0.25
3328525555,1189885139305680898,-0.25,-0.1,-0.6,-0.2,-0.5574,0,-0.25
3328525555,1189885013510086659,-0.25,-0.1,-0.6,-0.2,-0.8402,0,-0.25
3328525555,1187746691300106240,-0.25,-0.1,-0.2,0.0,-0.1911,3,-0.1911
3328525555,1184418594450358274,-0.25,-0.1,-0.6,-0.4,-0.5719,0,-0.4
3328525555,1183713868146589697,-0.25,-0.1,-0.2,-0.2,-0.5719,0,-0.2
3328525555,1182691490469793793,-0.25,-0.1,-0.6,0.0,-0.8555,0,-0.25
3328525555,1182684226669420544,-0.25,-0.1,-0.2,0.0,-0.9739,0,-0.2
3328525555,1170481126265126912,-0.25,-0.1,-0.2,-0.8,0.8957,0,-0.2
3328525555,1169072699928301569,-0.25,-0.1,-0.6,-1.0,-0.8316,0,-0.6
3328525555,1163845284436140033,-0.25,-0.1,-0.2,0.0,-0.7783,0,-0.2
3017632152,1190594219334701056,-0.25,-0.1,-0.6,-0.2,-0.1935,0,-0.2
3017632152,1188536400653639680,-0.25,-0.1,-0.6,-0.4,0.8125,0,-0.25
3017632152,1184173664964530176,-0.25,-0.1,-0.2,-0.2,-0.8402,1,-0.2
3017632152,1182342952154058752,-0.25,-0.1,-0.6,-0.2,-0.8625,0,-0.25
3017632152,1179779278805721088,-0.25,-0.1,-0.6,0.0,-0.5719,0,-0.25
3017632152,1176171879704350722,-0.25,-0.1,-0.6,0.0,-0.6486,0,-0.25
3017632152,1148538026659725312,-0.25,-0.1,-0.6,-0.4,-0.7906,0,-0.4
963964631986262016,1187738034470559745,-0.25,-0.1,-0.2,0.0,0.7599,0,-0.1
60561905,1175352123942461440,-0.25,-0.1,-0.2,-0.4,-0.4118,0,-0.25
1065237167641935872,1189084527311966208,-0.25,-0.1,-0.6,-0.6,-0.6705,0,-0.6
1065237167641935872,1188814531499319296,-0.25,-0.1,-0.6,0.0,0.3164,0,-0.1
1065237167641935872,1188367580370821120,-0.25,-0.1,-0.6,-0.6,-0.6908,0,-0.6
609310566,1189972019410034689,-0.25,-0.1,-0.6,-0.2,0.3612,0,-0.2
609310566,1183699266994425857,-0.25,-0.1,-0.6,-0.2,-0.5574,0,-0.25
609310566,1183695814356602880,-0.25,-0.1,-0.6,-0.4,-0.8316,0,-0.4
609310566,1183057778308464643,-0.25,-0.1,-0.6,0.0,-0.5994,0,-0.25
609310566,1182393406124896258,-0.25,-0.1,-0.6,-0.4,-0.5994,0,-0.4
609310566,1181645519103434752,-0.25,-0.1,-0.6,-0.4,-0.5994,0,-0.4
609310566,1180039391936483328,-0.25,-0.1,-0.6,-0.6,-0.1779,0,-0.25
609310566,1179815341737811971,-0.25,-0.1,-0.6,-0.2,-0.5994,0,-0.25
609310566,1178995651062960129,-0.25,-0.1,-0.2,-0.2,-0.5994,0,-0.2
609310566,1177174465232457730,-0.25,-0.1,-0.2,-0.4,-0.8316,0,-0.25
609310566,1176979315864559616,-0.25,-0.1,-0.6,-0.6,-0.8957,0,-0.6
609310566,1176798542494666753,-0.25,-0.1,-0.2,-0.4,-0.5994,0,-0.25
609310566,1176735670775222272,-0.25,-0.1,-0.6,-0.8,-0.6597,0,-0.6
609310566,1176154224440291329,-0.25,-0.1,-0.2,0.0,-0.636,1,-0.2
609310566,1176153505758887939,-0.25,-0.1,-0.2,0.0,-0.5994,0,-0.2
609310566,1175380628205973505,-0.25,-0.1,-0.6,-0.2,-0.9136,0,-0.25
609310566,1174941478637826048,-0.25,-0.1,-0.6,-0.6,-0.5994,0,-0.5994
609310566,1174784050290147328,-0.25,-0.1,-0.6,-0.4,-0.636,0,-0.4
609310566,1174429574337310720,-0.25,-0.1,-0.6,-0.6,-0.7508,0,-0.6
609310566,1174301753522688001,-0.25,-0.1,-0.6,-0.2,-0.8316,0,-0.25
609310566,1173830853283196928,-0.25,-0.1,-0.6,-0.8,-0.5994,0,-0.5994
609310566,1173209788773273601,-0.25,-0.1,-0.6,-0.2,-0.8316,0,-0.25
609310566,1172533686249644032,-0.25,-0.1,-0.2,0.0,-0.5994,1,-0.2
609310566,1172503702466453505,-0.25,-0.1,-0.2,0.0,-0.636,0,-0.2
609310566,1172405657586155520,-0.25,-0.1,-0.2,-0.6,-0.0772,0,-0.2
609310566,1171879624701304833,-0.25,-0.1,-0.6,-0.4,-0.5994,0,-0.4
609310566,1171027910796500992,-0.25,-0.1,-0.6,-0.2,-0.5994,0,-0.25
609310566,1170811477659443200,-0.25,-0.1,-0.6,-0.6,-0.5719,0,-0.5719
609310566,1170682123046596613,-0.25,-0.1,-0.6,-0.2,-0.5994,0,-0.25
609310566,1169344731400286208,-0.25,-0.1,-0.6,-0.4,-0.6908,0,-0.4
609310566,1169193899384066049,-0.25,-0.1,-0.6,-0.4,-0.9042,0,-0.4
609310566,1169182058649980928,-0.25,-0.1,-0.6,-0.4,-0.5994,0,-0.4
609310566,1168841264483229696,-0.25,-0.1,-0.6,-0.2,-0.7269,0,-0.25
609310566,1168840075519713281,-0.25,-0.1,-0.6,-0.4,-0.5994,0,-0.4
609310566,1168836520415059969,-0.25,-0.1,-0.6,-0.4,-0.5994,0,-0.4
609310566,1167902528442290177,-0.25,-0.1,-0.6,-0.4,-0.9136,0,-0.4
609310566,1167509811048722437,-0.25,-0.1,-0.6,-0.2,-0.5994,0,-0.25
609310566,1166580801116487682,-0.25,-0.1,-0.6,-0.8,-0.5994,0,-0.5994
609310566,1165879184402591744,-0.25,-0.1,-0.6,-0.8,-0.5994,0,-0.5994
609310566,1165593504686530560,-0.25,-0.1,-0.6,-0.2,-0.5994,0,-0.25
609310566,1164472812339376128,-0.25,-0.1,-0.6,-0.4,-0.5994,0,-0.4
609310566,1161355057826271236,-0.25,-0.1,-0.6,-0.4,-0.5994,0,-0.4
609310566,1154490483181158400,-0.25,-0.1,-0.6,-0.4,-0.8316,0,-0.4
609310566,1151820643865899008,-0.25,-0.1,-0.6,-0.2,-0.9136,0,-0.25
609310566,1151230419465121792,-0.25,-0.1,-0.6,-0.4,-0.5994,0,-0.4
609310566,1150705028300251137,-0.25,-0.1,-0.6,-0.4,-0.5994,0,-0.4
609310566,1148885885208932352,-0.25,-0.1,-0.6,-0.4,-0.5994,0,-0.4
609310566,1144568073485193216,-0.25,-0.1,-0.6,-0.2,-0.5994,0,-0.25
609310566,1140862553922375681,-0.25,-0.1,-0.6,-0.8,-0.5859,0,-0.5859
609310566,1140729558225829891,-0.25,-0.1,-0.6,-0.6,-0.9136,0,-0.6
609310566,1140587886993186817,-0.25,-0.1,-0.6,-0.2,-0.5994,0,-0.25
609310566,1140257166315741184,-0.25,-0.1,-0.6,0.0,-0.872,0,-0.25
609310566,1139385834212249600,-0.25,-0.1,-0.6,-1.0,0.0258,0,-0.25
609310566,1139145779661213701,-0.25,-0.1,-0.2,-0.2,-0.6705,10,-0.2
609310566,1139108337012936705,-0.25,-0.1,-0.6,-0.4,-0.5513,0,-0.4
609310566,1138699245169651712,-0.25,-0.1,-0.6,-0.8,-0.8316,0,-0.6
609310566,1135564454110912513,-0.25,-0.1,-0.6,0.0,-0.784,0,-0.25
609310566,1130801184762146816,-0.25,-0.1,-0.6,-0.2,-0.636,0,-0.25
609310566,1121648284425080832,-0.25,-0.1,-0.6,-0.8,-0.8225,0,-0.6
609310566,1121507132698955776,-0.25,-0.1,-0.6,-0.4,-0.7184,0,-0.4
609310566,1115843206351138816,-0.25,-0.1,-0.6,-0.8,-0.636,0,-0.6
609310566,1115472424177426432,-0.25,-0.1,-0.6,-1.0,-0.5994,0,-0.5994
609310566,1112752411951710208,-0.25,-0.1,-0.6,0.0,-0.8316,0,-0.25
609310566,1109926849885425666,-0.25,-0.1,-0.6,-0.6,-0.5994,0,-0.5994
609310566,1109002054100488193,-0.25,-0.1,-0.6,-0.6,-0.5994,0,-0.5994
2311484749,1183777210169286657,-0.25,-0.1,-0.6,0.0,-0.5719,0,-0.25
2311484749,1183280097379397637,-0.25,-0.1,-0.2,-0.6,-0.8693,0,-0.25
2311484749,1177104843216949248,-0.25,-0.1,-0.6,-0.8,-0.636,0,-0.6
2311484749,1175466821337657347,-0.25,-0.1,-0.2,-0.2,0.4215,0,-0.2
2311484749,1175396218605834240,-0.25,-0.1,-0.6,0.0,-0.5574,0,-0.25
2311484749,1174755491811069952,-0.25,-0.1,-0.6,-0.2,-0.4846,0,-0.25
2311484749,1172789517910233088,-0.25,-0.1,-0.6,-0.6,-0.2023,0,-0.25
2311484749,1172766970489561089,-0.25,-0.1,-0.6,-0.6,-0.6808,0,-0.6
2311484749,1172455800872296450,-0.25,-0.1,-0.6,-0.4,-0.6326,0,-0.4
2311484749,1172181041123139589,-0.25,-0.1,-0.6,0.0,-0.8316,0,-0.25
2311484749,1171815810928656384,-0.25,-0.1,-0.6,0.0,-0.7579,0,-0.25
2311484749,1171815722873499650,-0.25,-0.1,-0.6,0.0,-0.5423,0,-0.25
2311484749,1171475822680498177,-0.25,-0.1,-0.6,-0.2,0.8221,0,-0.2
95033247,1084192350358962176,-0.25,-0.1,-0.2,-0.4,0.6597,0,-0.2
1097059273782087680,1190613986712014849,-0.25,-0.1,-0.6,-0.2,-0.5106,0,-0.25
1097059273782087680,1190594382790975488,-0.25,-0.1,-0.6,-0.2,-0.5719,0,-0.25
1097059273782087680,1190588046019706881,-0.25,-0.1,-0.6,-0.2,-0.8402,0,-0.25
1097059273782087680,1190389295753785344,-0.25,-0.1,-0.6,-0.6,-0.5719,0,-0.5719
1097059273782087680,1190387573169934336,-0.25,-0.1,-0.6,-0.6,-0.7845,0,-0.6
3136351321,1154588768646524929,-0.25,-0.1,-0.6,-1.0,0.128,0,-0.25
3136351321,1138132238346833924,-0.25,-0.1,-0.6,-0.2,-0.9382,0,-0.25
3136351321,1128225917036154880,-0.25,-0.1,-0.2,-0.4,-0.743,0,-0.25
3136351321,1121059560922370058,-0.25,-0.1,-0.2,0.0,0.2148,1,-0.1
3136351321,1118854432886681600,-0.25,-0.1,-0.6,-0.2,-0.6136,0,-0.25
3136351321,1117386562692472837,-0.25,-0.1,-0.2,-0.2,-0.6249,0,-0.2
3136351321,1116370183902228480,-0.25,-0.1,-0.2,0.0,-0.684,2,-0.2
3136351321,1114906465876078593,-0.25,-0.1,-0.2,0.0,-0.765,2,-0.2
3136351321,1114704805014851584,-0.25,-0.1,-0.2,-1.0,-0.1027,2,-0.2
3136351321,1111950214925934592,-0.25,-0.1,-0.6,-0.2,-0.5106,0,-0.25
3136351321,1107921280026574848,-0.25,-0.1,-0.6,-0.6,-0.5994,0,-0.5994
893618119293501440,1189949068593844224,-0.25,-0.1,-0.2,0.0,-0.6486,6,-0.2
893618119293501440,1189926897158897664,-0.25,-0.1,-0.6,0.0,-0.6908,0,-0.25
893618119293501440,1189529703142559744,-0.25,-0.1,-0.2,0.0,-0.5719,1,-0.2
893618119293501440,1186783128339255296,-0.25,-0.1,-0.2,-0.8,-0.7458,0,-0.25
893618119293501440,1186465499246419968,-0.25,-0.1,-0.2,-1.0,-0.4187,3,-0.25
893618119293501440,1186465327997210624,-0.25,-0.1,-0.2,-1.0,-0.7828,7,-0.25
1145795206358417409,1190388301125050369,-0.25,-0.1,-0.2,-0.6,-0.5023,0,-0.25
1145795206358417409,1190040370123542528,-0.25,-0.1,-0.2,-0.6,-0.25,1,-0.25
1145795206358417409,1190032371061538819,-0.25,-0.1,-0.2,-0.6,-0.5719,0,-0.25
1145795206358417409,1190000810526216192,-0.25,-0.1,-0.2,-0.4,-0.4019,0,-0.25
1145795206358417409,1189935669508001792,-0.25,-0.1,-0.2,0.0,-0.6597,0,-0.2
1145795206358417409,1189673033222545415,-0.25,-0.1,-0.2,-0.6,-0.9127,0,-0.25
1145795206358417409,1189623502581706753,-0.25,-0.1,-0.2,-0.4,-0.483,0,-0.25
1145795206358417409,1189542321790111745,-0.25,-0.1,-0.2,0.0,-0.5106,1,-0.2
1145795206358417409,1189311523832897536,-0.25,-0.1,-0.2,-0.6,-0.91,0,-0.25
1145795206358417409,1189241054169632770,-0.25,-0.1,-0.2,-0.2,-0.8383,0,-0.2
1145795206358417409,1189187065277112320,-0.25,-0.1,-0.2,0.0,-0.8271,1,-0.2
1145795206358417409,1189090946912313344,-0.25,-0.1,-0.6,-0.6,-0.8375,0,-0.6
1145795206358417409,1188883290125721600,-0.25,-0.1,-0.2,-0.2,-0.2263,0,-0.2
1145795206358417409,1188583036092387328,-0.25,-0.1,-0.2,-0.6,-0.8511,0,-0.25
1145795206358417409,1188570083427262471,-0.25,-0.1,-0.2,-0.6,0.3612,1,-0.2
1145795206358417409,1188564281186500608,-0.25,-0.1,-0.2,-0.6,-0.5994,0,-0.25
1145795206358417409,1188527396233863168,-0.25,-0.1,-0.2,-0.2,-0.7579,0,-0.2
1145795206358417409,1188452284260388867,-0.25,-0.1,-0.6,0.0,-0.5719,0,-0.25
1145795206358417409,1188103710070755331,-0.25,-0.1,-0.2,0.0,-0.5719,1,-0.2
1145795206358417409,1188060480352460800,-0.25,-0.1,-0.2,-0.2,-0.6096,0,-0.2
1145795206358417409,1187819356979372034,-0.25,-0.1,-0.2,-0.4,-0.3818,0,-0.25
1145795206358417409,1187816984597151744,-0.25,-0.1,-0.2,-0.4,-0.3818,1,-0.25
1145795206358417409,1187806767373266945,-0.25,-0.1,-0.2,-0.4,-0.891,0,-0.25
1145795206358417409,1187623176207044608,-0.25,-0.1,-0.2,-0.8,-0.7876,1,-0.25
1145795206358417409,1187606823639146498,-0.25,-0.1,-0.2,-0.8,-0.8074,0,-0.25
1145795206358417409,1187518239561179138,-0.25,-0.1,-0.2,-0.8,-0.6597,0,-0.25
1145795206358417409,1187486803319840769,-0.25,-0.1,-0.2,-0.6,-0.8297,0,-0.25
1145795206358417409,1187420247772585985,-0.25,-0.1,-0.2,-0.2,-0.7434,0,-0.2
1145795206358417409,1187335349602836482,-0.25,-0.1,-0.2,-0.2,-0.5267,0,-0.2
1145795206358417409,1186733430647787521,-0.25,-0.1,-0.2,-0.4,-0.5279,0,-0.25
1145795206358417409,1186060805743271938,-0.25,-0.1,-0.2,-0.8,-0.9271,0,-0.25
1145795206358417409,1186055570970816512,-0.25,-0.1,-0.2,-0.8,-0.5719,0,-0.25
1145795206358417409,1185923328382570496,-0.25,-0.1,-0.2,0.0,0.4019,1,-0.1
1145795206358417409,1185905766571696128,-0.25,-0.1,-0.2,0.0,-0.7321,0,-0.2
1145795206358417409,1185801806745612288,-0.25,-0.1,-0.2,-0.8,-0.2023,0,-0.2023
1145795206358417409,1185672347895898112,-0.25,-0.1,-0.2,-0.6,-0.5719,1,-0.25
1145795206358417409,1185161022228848641,-0.25,-0.1,-0.2,-0.2,-0.4404,0,-0.2
1145795206358417409,1184931348898893835,-0.25,-0.1,-0.2,-0.4,-0.6597,0,-0.25
1145795206358417409,1184901277412741122,-0.25,-0.1,-0.2,-0.2,-0.3861,0,-0.2
419152055,1190492007208087552,-0.25,-0.1,-0.6,-1.0,-0.8545,0,-0.6
419152055,1189961007692566528,-0.25,-0.1,-0.6,-0.2,0.0,0,-0.2
419152055,1189764799388717057,-0.25,-0.1,-0.6,-1.0,-0.465,0,-0.465
419152055,1189547563059277825,-0.25,-0.1,-0.6,0.0,-0.6705,0,-0.25
1436803969,1180426293965414400,-0.25,-0.1,-0.2,-0.4,-0.3612,0,-0.25
1436803969,1171461323806216193,-0.25,-0.1,-0.6,0.0,-0.4472,0,-0.25
1436803969,1169302619396984832,-0.25,-0.1,-0.6,-0.2,0.3818,0,-0.2
1436803969,1164603772477280257,-0.25,-0.1,-0.2,-0.2,-0.8553,0,-0.2
1436803969,1160862070700728320,-0.25,-0.1,-0.6,-0.4,-0.6908,0,-0.4
1436803969,1160513584654409728,-0.25,-0.1,-0.2,-0.2,-0.7096,0,-0.2
1436803969,1160152800501874688,-0.25,-0.1,-0.6,-0.2,-0.7783,0,-0.25
1436803969,1159522505058652166,-0.25,-0.1,-0.6,-0.2,-0.7783,0,-0.25
1436803969,1155633145619857410,-0.25,-0.1,-0.2,-0.8,0.0,0,-0.2
1436803969,1155554450590896130,-0.25,-0.1,-0.6,-0.4,-0.8986,0,-0.4
1436803969,1151644925697634306,-0.25,-0.1,-0.6,-0.8,-0.4588,0,-0.4588
1436803969,1147499191943479296,-0.25,-0.1,-0.6,0.0,-0.8225,0,-0.25
1436803969,1147218444120670208,-0.25,-0.1,-0.2,-0.2,-0.8442,5,-0.2
1190342974560821253,1190542085864087552,-1.0,-0.1,-0.6,-0.6,-0.701,0,-0.6
1190342974560821253,1190536104052551680,-1.0,-0.1,-0.6,-0.6,0.872,0,-0.6
1119241559231356928,1146303449681801218,-0.25,-0.1,-0.6,-0.8,-0.1779,0,-0.25
